country,brand,drivetrain_type,year,month,units_sold,frequency,source,trend_byd,trend_ev_charging,trend_tesla,trend_electric_car,trend_electric_vehicle,slow_chargers_cumulative,fast_chargers_cumulative,total_chargers_cumulative,gasoline_price_usd_per_liter,units_sold_lag1,units_sold_lag3,units_sold_lag12,units_sold_rolling3,units_sold_yoy_growth,quarter,date,date_str
China,BYD,BEV+PHEV,2020,1,24840,monthly_est,brand_reports,2.75,,67.25,0.0,,673000.0,111000.0,784000.0,0.78,,,,24840.0,,1,2020-01-01,2020-01
China,BYD,BEV+PHEV,2020,2,24840,monthly_est,brand_reports,0.0,,68.0,0.0,,673000.0,111000.0,784000.0,0.78,24840.0,,,24840.0,,1,2020-02-01,2020-02
China,BYD,BEV+PHEV,2020,3,24840,monthly_est,brand_reports,0.0,,54.4,0.0,,673000.0,111000.0,784000.0,0.78,24840.0,,,24840.0,,1,2020-03-01,2020-03
China,BYD,BEV+PHEV,2020,4,29880,monthly_est,brand_reports,0.0,,58.25,0.0,,673000.0,111000.0,784000.0,0.8,24840.0,24840.0,,26520.0,,2,2020-04-01,2020-04
China,BYD,BEV+PHEV,2020,5,29880,monthly_est,brand_reports,0.0,,45.2,0.0,,673000.0,111000.0,784000.0,0.8,29880.0,24840.0,,28200.0,,2,2020-05-01,2020-05
China,BYD,BEV+PHEV,2020,6,29880,monthly_est,brand_reports,0.0,,47.25,0.0,,673000.0,111000.0,784000.0,0.8,29880.0,24840.0,,29880.0,,2,2020-06-01,2020-06
China,BYD,BEV+PHEV,2020,7,38630,monthly_est,brand_reports,0.0,,54.0,0.0,,673000.0,111000.0,784000.0,0.86,29880.0,29880.0,,32796.666666666664,,3,2020-07-01,2020-07
China,BYD,BEV+PHEV,2020,8,38630,monthly_est,brand_reports,0.0,,61.0,0.0,,673000.0,111000.0,784000.0,0.86,38630.0,29880.0,,35713.333333333336,,3,2020-08-01,2020-08
China,BYD,BEV+PHEV,2020,9,38630,monthly_est,brand_reports,0.0,,78.5,0.0,,673000.0,111000.0,784000.0,0.86,38630.0,29880.0,,38630.0,,3,2020-09-01,2020-09
China,BYD,BEV+PHEV,2020,10,63013,monthly_est,brand_reports,0.0,,58.75,0.0,,673000.0,111000.0,784000.0,0.88,38630.0,38630.0,,46757.666666666664,,4,2020-10-01,2020-10
China,BYD,BEV+PHEV,2020,11,63013,monthly_est,brand_reports,0.0,,64.6,0.0,,673000.0,111000.0,784000.0,0.88,63013.0,38630.0,,54885.333333333336,,4,2020-11-01,2020-11
China,BYD,BEV+PHEV,2020,12,63013,monthly_est,brand_reports,0.0,0.0,71.4,0.0,0.0,673000.0,111000.0,784000.0,0.88,63013.0,38630.0,,63013.0,,4,2020-12-01,2020-12
China,BYD,BEV+PHEV,2021,1,60662,monthly_est,brand_reports,6.4,0.0,79.0,0.0,0.0,1150000.0,261000.0,1411000.0,0.95,63013.0,63013.0,24840.0,62229.333333333336,1.4421,1,2021-01-01,2021-01
China,BYD,BEV+PHEV,2021,2,60662,monthly_est,brand_reports,3.25,0.0,82.25,0.0,0.0,1150000.0,261000.0,1411000.0,0.95,60662.0,63013.0,24840.0,61445.666666666664,1.4421,1,2021-02-01,2021-02
China,BYD,BEV+PHEV,2021,3,60662,monthly_est,brand_reports,2.5,0.0,63.75,3.25,25.0,1150000.0,261000.0,1411000.0,0.95,60662.0,63013.0,24840.0,60662.0,1.4421,1,2021-03-01,2021-03
China,BYD,BEV+PHEV,2021,4,73762,monthly_est,brand_reports,7.25,0.0,57.0,0.0,0.0,1150000.0,261000.0,1411000.0,1.02,60662.0,60662.0,29880.0,65028.666666666664,1.4686,2,2021-04-01,2021-04
China,BYD,BEV+PHEV,2021,5,73762,monthly_est,brand_reports,1.4,0.0,51.0,0.0,0.0,1150000.0,261000.0,1411000.0,1.02,73762.0,60662.0,29880.0,69395.33333333333,1.4686,2,2021-05-01,2021-05
China,BYD,BEV+PHEV,2021,6,73762,monthly_est,brand_reports,1.5,0.0,40.75,0.0,0.0,1150000.0,261000.0,1411000.0,1.02,73762.0,60662.0,29880.0,73762.0,1.4686,2,2021-06-01,2021-06
China,BYD,BEV+PHEV,2021,7,104154,monthly_est,brand_reports,1.75,0.0,41.0,0.0,0.0,1150000.0,261000.0,1411000.0,1.08,73762.0,73762.0,38630.0,83892.66666666667,1.6962,3,2021-07-01,2021-07
China,BYD,BEV+PHEV,2021,8,104154,monthly_est,brand_reports,6.2,0.0,46.2,1.0,0.0,1150000.0,261000.0,1411000.0,1.08,104154.0,73762.0,38630.0,94023.33333333333,1.6962,3,2021-08-01,2021-08
China,BYD,BEV+PHEV,2021,9,104154,monthly_est,brand_reports,3.0,0.0,43.25,1.5,0.0,1150000.0,261000.0,1411000.0,1.08,104154.0,73762.0,38630.0,104154.0,1.6962,3,2021-09-01,2021-09
China,BYD,BEV+PHEV,2021,10,194296,monthly_est,brand_reports,3.2,0.0,50.0,1.2,0.0,1150000.0,261000.0,1411000.0,1.12,104154.0,104154.0,63013.0,134201.33333333334,2.0834,4,2021-10-01,2021-10
China,BYD,BEV+PHEV,2021,11,194296,monthly_est,brand_reports,5.25,0.0,55.25,1.5,0.0,1150000.0,261000.0,1411000.0,1.12,194296.0,104154.0,63013.0,164248.66666666666,2.0834,4,2021-11-01,2021-11
China,BYD,BEV+PHEV,2021,12,194296,monthly_est,brand_reports,8.2,0.0,50.6,0.0,0.0,1150000.0,261000.0,1411000.0,1.12,194296.0,104154.0,63013.0,194296.0,2.0834,4,2021-12-01,2021-12
China,BYD,BEV+PHEV,2022,1,213863,monthly_est,brand_reports,8.0,0.0,79.0,0.0,0.0,1750000.0,521000.0,2271000.0,1.15,194296.0,194296.0,60662.0,200818.33333333334,2.5255,1,2022-01-01,2022-01
China,BYD,BEV+PHEV,2022,2,213863,monthly_est,brand_reports,13.75,0.0,72.0,0.0,0.0,1750000.0,521000.0,2271000.0,1.15,213863.0,194296.0,60662.0,207340.66666666666,2.5255,1,2022-02-01,2022-02
China,BYD,BEV+PHEV,2022,3,213863,monthly_est,brand_reports,10.5,0.0,73.75,7.25,0.0,1750000.0,521000.0,2271000.0,1.15,213863.0,194296.0,60662.0,213863.0,2.5255,1,2022-03-01,2022-03
China,BYD,BEV+PHEV,2022,4,293533,monthly_est,brand_reports,10.75,0.0,76.0,4.0,25.0,1750000.0,521000.0,2271000.0,1.25,213863.0,213863.0,73762.0,240419.66666666666,2.9795,2,2022-04-01,2022-04
China,BYD,BEV+PHEV,2022,5,293533,monthly_est,brand_reports,10.4,0.0,80.4,0.0,13.0,1750000.0,521000.0,2271000.0,1.25,293533.0,213863.0,73762.0,266976.3333333333,2.9795,2,2022-05-01,2022-05
China,BYD,BEV+PHEV,2022,6,293533,monthly_est,brand_reports,15.25,0.0,75.5,0.0,16.75,1750000.0,521000.0,2271000.0,1.25,293533.0,213863.0,73762.0,293533.0,2.9795,2,2022-06-01,2022-06
China,BYD,BEV+PHEV,2022,7,405002,monthly_est,brand_reports,14.2,13.0,66.6,3.0,0.0,1750000.0,521000.0,2271000.0,1.28,293533.0,293533.0,104154.0,330689.3333333333,2.8885,3,2022-07-01,2022-07
China,BYD,BEV+PHEV,2022,8,405002,monthly_est,brand_reports,14.0,0.0,65.5,0.0,0.0,1750000.0,521000.0,2271000.0,1.28,405002.0,293533.0,104154.0,367845.6666666667,2.8885,3,2022-08-01,2022-08
China,BYD,BEV+PHEV,2022,9,405002,monthly_est,brand_reports,13.25,0.0,72.75,0.0,0.0,1750000.0,521000.0,2271000.0,1.28,405002.0,293533.0,104154.0,405002.0,2.8885,3,2022-09-01,2022-09
China,BYD,BEV+PHEV,2022,10,622753,monthly_est,brand_reports,15.6,0.0,81.0,3.6,0.0,1750000.0,521000.0,2271000.0,1.18,405002.0,405002.0,194296.0,477585.6666666667,2.2052,4,2022-10-01,2022-10
China,BYD,BEV+PHEV,2022,11,622753,monthly_est,brand_reports,15.0,0.0,66.0,1.75,0.0,1750000.0,521000.0,2271000.0,1.18,622753.0,405002.0,194296.0,550169.3333333334,2.2052,4,2022-11-01,2022-11
China,BYD,BEV+PHEV,2022,12,622753,monthly_est,brand_reports,13.25,0.0,68.5,0.0,0.0,1750000.0,521000.0,2271000.0,1.18,622753.0,405002.0,194296.0,622753.0,2.2052,4,2022-12-01,2022-12
China,BYD,BEV+PHEV,2023,1,378271,monthly_est,brand_reports,20.6,0.0,81.6,0.0,0.0,2750000.0,859000.0,3609000.0,1.1,622753.0,622753.0,213863.0,541259.0,0.7688,1,2023-01-01,2023-01
China,BYD,BEV+PHEV,2023,2,378271,monthly_est,brand_reports,15.5,0.0,78.0,0.0,15.5,2750000.0,859000.0,3609000.0,1.1,378271.0,622753.0,213863.0,459765.0,0.7688,1,2023-02-01,2023-02
China,BYD,BEV+PHEV,2023,3,378271,monthly_est,brand_reports,17.5,0.0,62.25,1.5,0.0,2750000.0,859000.0,3609000.0,1.1,378271.0,622753.0,213863.0,378271.0,0.7688,1,2023-03-01,2023-03
China,BYD,BEV+PHEV,2023,4,502822,monthly_est,brand_reports,24.2,0.0,66.6,2.6,12.2,2750000.0,859000.0,3609000.0,1.08,378271.0,378271.0,293533.0,419788.0,0.713,2,2023-04-01,2023-04
China,BYD,BEV+PHEV,2023,5,502822,monthly_est,brand_reports,21.75,0.0,64.75,1.5,16.0,2750000.0,859000.0,3609000.0,1.08,502822.0,378271.0,293533.0,461305.0,0.713,2,2023-05-01,2023-05
China,BYD,BEV+PHEV,2023,6,502822,monthly_est,brand_reports,20.0,0.0,66.5,3.5,0.0,2750000.0,859000.0,3609000.0,1.08,502822.0,378271.0,293533.0,502822.0,0.713,2,2023-06-01,2023-06
China,BYD,BEV+PHEV,2023,7,578335,monthly_est,brand_reports,19.8,0.0,67.4,3.0,0.0,2750000.0,859000.0,3609000.0,1.12,502822.0,502822.0,405002.0,527993.0,0.428,3,2023-07-01,2023-07
China,BYD,BEV+PHEV,2023,8,578335,monthly_est,brand_reports,20.25,0.0,70.0,1.5,0.0,2750000.0,859000.0,3609000.0,1.12,578335.0,502822.0,405002.0,553164.0,0.428,3,2023-08-01,2023-08
China,BYD,BEV+PHEV,2023,9,578335,monthly_est,brand_reports,20.0,0.0,58.75,1.5,0.0,2750000.0,859000.0,3609000.0,1.12,578335.0,502822.0,405002.0,578335.0,0.428,3,2023-09-01,2023-09
China,BYD,BEV+PHEV,2023,10,648008,monthly_est,brand_reports,20.6,0.0,59.0,2.6,21.4,2750000.0,859000.0,3609000.0,1.05,578335.0,578335.0,622753.0,601559.3333333334,0.0406,4,2023-10-01,2023-10
China,BYD,BEV+PHEV,2023,11,648008,monthly_est,brand_reports,21.5,0.0,60.25,6.0,31.5,2750000.0,859000.0,3609000.0,1.05,648008.0,578335.0,622753.0,624783.6666666666,0.0406,4,2023-11-01,2023-11
China,BYD,BEV+PHEV,2023,12,648008,monthly_est,brand_reports,18.67,0.0,58.33,3.83,25.5,2750000.0,859000.0,3609000.0,1.05,648008.0,578335.0,622753.0,648008.0,0.0406,4,2023-12-01,2023-12
China,Tesla,BEV+PHEV,2021,1,23093,monthly_est,brand_reports,6.4,0.0,79.0,0.0,0.0,1150000.0,261000.0,1411000.0,0.95,,,,23093.0,,1,2021-01-01,2021-01
China,Tesla,BEV+PHEV,2021,2,23093,monthly_est,brand_reports,3.25,0.0,82.25,0.0,0.0,1150000.0,261000.0,1411000.0,0.95,23093.0,,,23093.0,,1,2021-02-01,2021-02
China,Tesla,BEV+PHEV,2021,3,23093,monthly_est,brand_reports,2.5,0.0,63.75,3.25,25.0,1150000.0,261000.0,1411000.0,0.95,23093.0,,,23093.0,,1,2021-03-01,2021-03
China,Tesla,BEV+PHEV,2021,4,37487,monthly_est,brand_reports,7.25,0.0,57.0,0.0,0.0,1150000.0,261000.0,1411000.0,1.02,23093.0,23093.0,,27891.0,,2,2021-04-01,2021-04
China,Tesla,BEV+PHEV,2021,5,37487,monthly_est,brand_reports,1.4,0.0,51.0,0.0,0.0,1150000.0,261000.0,1411000.0,1.02,37487.0,23093.0,,32689.0,,2,2021-05-01,2021-05
China,Tesla,BEV+PHEV,2021,6,37487,monthly_est,brand_reports,1.5,0.0,40.75,0.0,0.0,1150000.0,261000.0,1411000.0,1.02,37487.0,23093.0,,37487.0,,2,2021-06-01,2021-06
China,Tesla,BEV+PHEV,2021,7,35042,monthly_est,brand_reports,1.75,0.0,41.0,0.0,0.0,1150000.0,261000.0,1411000.0,1.08,37487.0,37487.0,,36672.0,,3,2021-07-01,2021-07
China,Tesla,BEV+PHEV,2021,8,35042,monthly_est,brand_reports,6.2,0.0,46.2,1.0,0.0,1150000.0,261000.0,1411000.0,1.08,35042.0,37487.0,,35857.0,,3,2021-08-01,2021-08
China,Tesla,BEV+PHEV,2021,9,35042,monthly_est,brand_reports,3.0,0.0,43.25,1.5,0.0,1150000.0,261000.0,1411000.0,1.08,35042.0,37487.0,,35042.0,,3,2021-09-01,2021-09
China,Tesla,BEV+PHEV,2021,10,66597,monthly_est,brand_reports,3.2,0.0,50.0,1.2,0.0,1150000.0,261000.0,1411000.0,1.12,35042.0,35042.0,,45560.333333333336,,4,2021-10-01,2021-10
China,Tesla,BEV+PHEV,2021,11,66597,monthly_est,brand_reports,5.25,0.0,55.25,1.5,0.0,1150000.0,261000.0,1411000.0,1.12,66597.0,35042.0,,56078.666666666664,,4,2021-11-01,2021-11
China,Tesla,BEV+PHEV,2021,12,66597,monthly_est,brand_reports,8.2,0.0,50.6,0.0,0.0,1150000.0,261000.0,1411000.0,1.12,66597.0,35042.0,,66597.0,,4,2021-12-01,2021-12
China,Tesla,BEV+PHEV,2022,1,35266,monthly_est,brand_reports,8.0,0.0,79.0,0.0,0.0,1750000.0,521000.0,2271000.0,1.15,66597.0,66597.0,23093.0,56153.333333333336,0.5271,1,2022-01-01,2022-01
China,Tesla,BEV+PHEV,2022,2,35266,monthly_est,brand_reports,13.75,0.0,72.0,0.0,0.0,1750000.0,521000.0,2271000.0,1.15,35266.0,66597.0,23093.0,45709.666666666664,0.5271,1,2022-02-01,2022-02
China,Tesla,BEV+PHEV,2022,3,35266,monthly_est,brand_reports,10.5,0.0,73.75,7.25,0.0,1750000.0,521000.0,2271000.0,1.15,35266.0,66597.0,23093.0,35266.0,0.5271,1,2022-03-01,2022-03
China,Tesla,BEV+PHEV,2022,4,25153,monthly_est,brand_reports,10.75,0.0,76.0,4.0,25.0,1750000.0,521000.0,2271000.0,1.25,35266.0,35266.0,37487.0,31895.0,-0.329,2,2022-04-01,2022-04
China,Tesla,BEV+PHEV,2022,5,25153,monthly_est,brand_reports,10.4,0.0,80.4,0.0,13.0,1750000.0,521000.0,2271000.0,1.25,25153.0,35266.0,37487.0,28524.0,-0.329,2,2022-05-01,2022-05
China,Tesla,BEV+PHEV,2022,6,25153,monthly_est,brand_reports,15.25,0.0,75.5,0.0,16.75,1750000.0,521000.0,2271000.0,1.25,25153.0,35266.0,37487.0,25153.0,-0.329,2,2022-06-01,2022-06
China,Tesla,BEV+PHEV,2022,7,62995,monthly_est,brand_reports,14.2,13.0,66.6,3.0,0.0,1750000.0,521000.0,2271000.0,1.28,25153.0,25153.0,35042.0,37767.0,0.7977,3,2022-07-01,2022-07
China,Tesla,BEV+PHEV,2022,8,62995,monthly_est,brand_reports,14.0,0.0,65.5,0.0,0.0,1750000.0,521000.0,2271000.0,1.28,62995.0,25153.0,35042.0,50381.0,0.7977,3,2022-08-01,2022-08
China,Tesla,BEV+PHEV,2022,9,62995,monthly_est,brand_reports,13.25,0.0,72.75,0.0,0.0,1750000.0,521000.0,2271000.0,1.28,62995.0,25153.0,35042.0,62995.0,0.7977,3,2022-09-01,2022-09
China,Tesla,BEV+PHEV,2022,10,94491,monthly_est,brand_reports,15.6,0.0,81.0,3.6,0.0,1750000.0,521000.0,2271000.0,1.18,62995.0,62995.0,66597.0,73493.66666666667,0.4188,4,2022-10-01,2022-10
China,Tesla,BEV+PHEV,2022,11,94491,monthly_est,brand_reports,15.0,0.0,66.0,1.75,0.0,1750000.0,521000.0,2271000.0,1.18,94491.0,62995.0,66597.0,83992.33333333333,0.4188,4,2022-11-01,2022-11
China,Tesla,BEV+PHEV,2022,12,94491,monthly_est,brand_reports,13.25,0.0,68.5,0.0,0.0,1750000.0,521000.0,2271000.0,1.18,94491.0,62995.0,66597.0,94491.0,0.4188,4,2022-12-01,2022-12
China,Tesla,BEV+PHEV,2023,1,33430,monthly_est,brand_reports,20.6,0.0,81.6,0.0,0.0,2750000.0,859000.0,3609000.0,1.1,94491.0,94491.0,35266.0,74137.33333333333,-0.0521,1,2023-01-01,2023-01
China,Tesla,BEV+PHEV,2023,2,33430,monthly_est,brand_reports,15.5,0.0,78.0,0.0,15.5,2750000.0,859000.0,3609000.0,1.1,33430.0,94491.0,35266.0,53783.666666666664,-0.0521,1,2023-02-01,2023-02
China,Tesla,BEV+PHEV,2023,3,33430,monthly_est,brand_reports,17.5,0.0,62.25,1.5,0.0,2750000.0,859000.0,3609000.0,1.1,33430.0,94491.0,35266.0,33430.0,-0.0521,1,2023-03-01,2023-03
China,Tesla,BEV+PHEV,2023,4,44071,monthly_est,brand_reports,24.2,0.0,66.6,2.6,12.2,2750000.0,859000.0,3609000.0,1.08,33430.0,33430.0,25153.0,36977.0,0.7521,2,2023-04-01,2023-04
China,Tesla,BEV+PHEV,2023,5,44071,monthly_est,brand_reports,21.75,0.0,64.75,1.5,16.0,2750000.0,859000.0,3609000.0,1.08,44071.0,33430.0,25153.0,40524.0,0.7521,2,2023-05-01,2023-05
China,Tesla,BEV+PHEV,2023,6,44071,monthly_est,brand_reports,20.0,0.0,66.5,3.5,0.0,2750000.0,859000.0,3609000.0,1.08,44071.0,33430.0,25153.0,44071.0,0.7521,2,2023-06-01,2023-06
China,Tesla,BEV+PHEV,2023,7,51593,monthly_est,brand_reports,19.8,0.0,67.4,3.0,0.0,2750000.0,859000.0,3609000.0,1.12,44071.0,44071.0,62995.0,46578.333333333336,-0.181,3,2023-07-01,2023-07
China,Tesla,BEV+PHEV,2023,8,51593,monthly_est,brand_reports,20.25,0.0,70.0,1.5,0.0,2750000.0,859000.0,3609000.0,1.12,51593.0,44071.0,62995.0,49085.666666666664,-0.181,3,2023-08-01,2023-08
China,Tesla,BEV+PHEV,2023,9,51593,monthly_est,brand_reports,20.0,0.0,58.75,1.5,0.0,2750000.0,859000.0,3609000.0,1.12,51593.0,44071.0,62995.0,51593.0,-0.181,3,2023-09-01,2023-09
China,Tesla,BEV+PHEV,2023,10,58642,monthly_est,brand_reports,20.6,0.0,59.0,2.6,21.4,2750000.0,859000.0,3609000.0,1.05,51593.0,51593.0,94491.0,53942.666666666664,-0.3794,4,2023-10-01,2023-10
China,Tesla,BEV+PHEV,2023,11,58642,monthly_est,brand_reports,21.5,0.0,60.25,6.0,31.5,2750000.0,859000.0,3609000.0,1.05,58642.0,51593.0,94491.0,56292.333333333336,-0.3794,4,2023-11-01,2023-11
China,Tesla,BEV+PHEV,2023,12,58642,monthly_est,brand_reports,18.67,0.0,58.33,3.83,25.5,2750000.0,859000.0,3609000.0,1.05,58642.0,51593.0,94491.0,58642.0,-0.3794,4,2023-12-01,2023-12
France,All,BEV+PHEV,2019,1,5134,monthly_est,IEA_Global_EV_Outlook_2024,0.0,0.0,29.75,0.75,15.5,28000.0,2800.0,30800.0,1.51,,,,5134.0,,1,2019-01-01,2019-01
France,All,BEV+PHEV,2019,2,5134,monthly_est,IEA_Global_EV_Outlook_2024,0.0,0.0,33.75,0.5,24.0,28000.0,2800.0,30800.0,1.51,5134.0,,,5134.0,,1,2019-02-01,2019-02
France,All,BEV+PHEV,2019,3,5134,monthly_est,IEA_Global_EV_Outlook_2024,0.0,0.0,38.0,0.4,20.0,28000.0,2800.0,30800.0,1.51,5134.0,,,5134.0,,1,2019-03-01,2019-03
France,All,BEV+PHEV,2019,4,5134,monthly_est,IEA_Global_EV_Outlook_2024,0.0,0.0,42.0,1.0,19.0,28000.0,2800.0,30800.0,1.58,5134.0,5134.0,,5134.0,,2,2019-04-01,2019-04
France,All,BEV+PHEV,2019,5,5134,monthly_est,IEA_Global_EV_Outlook_2024,0.0,0.0,39.5,1.0,21.5,28000.0,2800.0,30800.0,1.58,5134.0,5134.0,,5134.0,,2,2019-05-01,2019-05
France,All,BEV+PHEV,2019,6,5134,monthly_est,IEA_Global_EV_Outlook_2024,0.0,14.6,39.0,1.0,29.0,28000.0,2800.0,30800.0,1.58,5134.0,5134.0,,5134.0,,2,2019-06-01,2019-06
France,All,BEV+PHEV,2019,7,5134,monthly_est,IEA_Global_EV_Outlook_2024,0.0,0.0,42.5,1.0,17.5,28000.0,2800.0,30800.0,1.55,5134.0,5134.0,,5134.0,,3,2019-07-01,2019-07
France,All,BEV+PHEV,2019,8,5134,monthly_est,IEA_Global_EV_Outlook_2024,0.0,0.0,40.25,1.0,71.75,28000.0,2800.0,30800.0,1.55,5134.0,5134.0,,5134.0,,3,2019-08-01,2019-08
France,All,BEV+PHEV,2019,9,5134,monthly_est,IEA_Global_EV_Outlook_2024,0.0,0.0,44.0,1.0,27.2,28000.0,2800.0,30800.0,1.55,5134.0,5134.0,,5134.0,,3,2019-09-01,2019-09
France,All,BEV+PHEV,2019,10,5134,monthly_est,IEA_Global_EV_Outlook_2024,0.0,0.0,45.0,1.0,14.5,28000.0,2800.0,30800.0,1.48,5134.0,5134.0,,5134.0,,4,2019-10-01,2019-10
France,All,BEV+PHEV,2019,11,5134,monthly_est,IEA_Global_EV_Outlook_2024,0.0,0.0,66.25,1.0,56.25,28000.0,2800.0,30800.0,1.48,5134.0,5134.0,,5134.0,,4,2019-11-01,2019-11
France,All,BEV+PHEV,2019,12,5134,monthly_est,IEA_Global_EV_Outlook_2024,0.0,0.0,60.0,1.0,21.83,28000.0,2800.0,30800.0,1.48,5134.0,5134.0,,5134.0,,4,2019-12-01,2019-12
France,All,BEV+PHEV,2020,1,15472,monthly_est,IEA_Global_EV_Outlook_2024,0.0,0.0,65.0,1.0,43.75,40000.0,4200.0,44200.0,1.38,5134.0,5134.0,5134.0,8580.0,2.0136,1,2020-01-01,2020-01
France,All,BEV+PHEV,2020,2,15472,monthly_est,IEA_Global_EV_Outlook_2024,0.0,0.0,65.5,1.0,52.75,40000.0,4200.0,44200.0,1.38,15472.0,5134.0,5134.0,12026.0,2.0136,1,2020-02-01,2020-02
France,All,BEV+PHEV,2020,3,15472,monthly_est,IEA_Global_EV_Outlook_2024,0.0,0.0,45.0,0.4,33.0,40000.0,4200.0,44200.0,1.38,15472.0,5134.0,5134.0,15472.0,2.0136,1,2020-03-01,2020-03
France,All,BEV+PHEV,2020,4,15472,monthly_est,IEA_Global_EV_Outlook_2024,0.0,0.0,37.5,0.25,21.0,40000.0,4200.0,44200.0,1.25,15472.0,15472.0,5134.0,15472.0,2.0136,2,2020-04-01,2020-04
France,All,BEV+PHEV,2020,5,15472,monthly_est,IEA_Global_EV_Outlook_2024,0.6,0.0,49.2,0.8,48.4,40000.0,4200.0,44200.0,1.25,15472.0,15472.0,5134.0,15472.0,2.0136,2,2020-05-01,2020-05
France,All,BEV+PHEV,2020,6,15472,monthly_est,IEA_Global_EV_Outlook_2024,0.75,12.5,63.75,1.0,17.75,40000.0,4200.0,44200.0,1.25,15472.0,15472.0,5134.0,15472.0,2.0136,2,2020-06-01,2020-06
France,All,BEV+PHEV,2020,7,15472,monthly_est,IEA_Global_EV_Outlook_2024,0.75,0.0,79.0,1.0,0.0,40000.0,4200.0,44200.0,1.32,15472.0,15472.0,5134.0,15472.0,2.0136,3,2020-07-01,2020-07
France,All,BEV+PHEV,2020,8,15472,monthly_est,IEA_Global_EV_Outlook_2024,0.8,0.0,84.6,1.0,18.0,40000.0,4200.0,44200.0,1.32,15472.0,15472.0,5134.0,15472.0,2.0136,3,2020-08-01,2020-08
France,All,BEV+PHEV,2020,9,15472,monthly_est,IEA_Global_EV_Outlook_2024,1.0,0.0,81.75,1.0,14.0,40000.0,4200.0,44200.0,1.32,15472.0,15472.0,5134.0,15472.0,2.0136,3,2020-09-01,2020-09
France,All,BEV+PHEV,2020,10,15472,monthly_est,IEA_Global_EV_Outlook_2024,0.5,0.0,66.0,0.75,14.5,40000.0,4200.0,44200.0,1.35,15472.0,15472.0,5134.0,15472.0,2.0136,4,2020-10-01,2020-10
France,All,BEV+PHEV,2020,11,15472,monthly_est,IEA_Global_EV_Outlook_2024,0.8,0.0,48.6,0.8,64.6,40000.0,4200.0,44200.0,1.35,15472.0,15472.0,5134.0,15472.0,2.0136,4,2020-11-01,2020-11
France,All,BEV+PHEV,2020,12,15472,monthly_est,IEA_Global_EV_Outlook_2024,0.4,0.0,52.4,0.6,25.8,40000.0,4200.0,44200.0,1.35,15472.0,15472.0,5134.0,15472.0,2.0136,4,2020-12-01,2020-12
France,All,BEV+PHEV,2021,1,24758,monthly_est,IEA_Global_EV_Outlook_2024,0.0,0.0,56.4,0.2,16.4,58000.0,6800.0,64800.0,1.42,15472.0,15472.0,15472.0,18567.333333333332,0.6002,1,2021-01-01,2021-01
France,All,BEV+PHEV,2021,2,24758,monthly_est,IEA_Global_EV_Outlook_2024,0.0,0.0,53.75,0.5,12.5,58000.0,6800.0,64800.0,1.42,24758.0,15472.0,15472.0,21662.666666666668,0.6002,1,2021-02-01,2021-02
France,All,BEV+PHEV,2021,3,24758,monthly_est,IEA_Global_EV_Outlook_2024,0.0,0.0,50.5,0.0,26.25,58000.0,6800.0,64800.0,1.42,24758.0,15472.0,15472.0,24758.0,0.6002,1,2021-03-01,2021-03
France,All,BEV+PHEV,2021,4,24758,monthly_est,IEA_Global_EV_Outlook_2024,0.0,11.0,49.5,0.0,0.0,58000.0,6800.0,64800.0,1.52,24758.0,24758.0,15472.0,24758.0,0.6002,2,2021-04-01,2021-04
France,All,BEV+PHEV,2021,5,24758,monthly_est,IEA_Global_EV_Outlook_2024,0.0,0.0,45.8,0.4,17.2,58000.0,6800.0,64800.0,1.52,24758.0,24758.0,15472.0,24758.0,0.6002,2,2021-05-01,2021-05
France,All,BEV+PHEV,2021,6,24758,monthly_est,IEA_Global_EV_Outlook_2024,0.0,0.0,42.75,0.25,14.75,58000.0,6800.0,64800.0,1.52,24758.0,24758.0,15472.0,24758.0,0.6002,2,2021-06-01,2021-06
France,All,BEV+PHEV,2021,7,24758,monthly_est,IEA_Global_EV_Outlook_2024,0.0,0.0,50.0,0.25,11.75,58000.0,6800.0,64800.0,1.6,24758.0,24758.0,15472.0,24758.0,0.6002,3,2021-07-01,2021-07
France,All,BEV+PHEV,2021,8,24758,monthly_est,IEA_Global_EV_Outlook_2024,0.0,0.0,56.4,0.4,9.6,58000.0,6800.0,64800.0,1.6,24758.0,24758.0,15472.0,24758.0,0.6002,3,2021-08-01,2021-08
France,All,BEV+PHEV,2021,9,24758,monthly_est,IEA_Global_EV_Outlook_2024,0.0,13.0,50.75,0.75,35.25,58000.0,6800.0,64800.0,1.6,24758.0,24758.0,15472.0,24758.0,0.6002,3,2021-09-01,2021-09
France,All,BEV+PHEV,2021,10,24758,monthly_est,IEA_Global_EV_Outlook_2024,0.0,9.0,69.8,1.0,23.8,58000.0,6800.0,64800.0,1.72,24758.0,24758.0,15472.0,24758.0,0.6002,4,2021-10-01,2021-10
France,All,BEV+PHEV,2021,11,24758,monthly_est,IEA_Global_EV_Outlook_2024,0.0,0.0,59.75,0.5,39.75,58000.0,6800.0,64800.0,1.72,24758.0,24758.0,15472.0,24758.0,0.6002,4,2021-11-01,2021-11
France,All,BEV+PHEV,2021,12,24758,monthly_est,IEA_Global_EV_Outlook_2024,0.0,10.2,71.8,0.2,0.0,58000.0,6800.0,64800.0,1.72,24758.0,24758.0,15472.0,24758.0,0.6002,4,2021-12-01,2021-12
France,All,BEV+PHEV,2022,1,30924,monthly_est,IEA_Global_EV_Outlook_2024,0.4,27.6,80.8,1.0,26.4,80000.0,10000.0,90000.0,1.88,24758.0,24758.0,24758.0,26813.333333333332,0.2491,1,2022-01-01,2022-01
France,All,BEV+PHEV,2022,2,30924,monthly_est,IEA_Global_EV_Outlook_2024,0.0,31.25,76.0,1.0,49.5,80000.0,10000.0,90000.0,1.88,30924.0,24758.0,24758.0,28868.666666666668,0.2491,1,2022-02-01,2022-02
France,All,BEV+PHEV,2022,3,30924,monthly_est,IEA_Global_EV_Outlook_2024,0.25,39.25,89.0,1.0,78.5,80000.0,10000.0,90000.0,1.88,30924.0,24758.0,24758.0,30924.0,0.2491,1,2022-03-01,2022-03
France,All,BEV+PHEV,2022,4,30924,monthly_est,IEA_Global_EV_Outlook_2024,0.25,38.0,77.0,1.0,74.25,80000.0,10000.0,90000.0,2.15,30924.0,30924.0,24758.0,30924.0,0.2491,2,2022-04-01,2022-04
France,All,BEV+PHEV,2022,5,30924,monthly_est,IEA_Global_EV_Outlook_2024,0.4,28.8,67.0,1.0,67.4,80000.0,10000.0,90000.0,2.15,30924.0,30924.0,24758.0,30924.0,0.2491,2,2022-05-01,2022-05
France,All,BEV+PHEV,2022,6,30924,monthly_est,IEA_Global_EV_Outlook_2024,0.5,32.5,66.75,1.0,51.25,80000.0,10000.0,90000.0,2.15,30924.0,30924.0,24758.0,30924.0,0.2491,2,2022-06-01,2022-06
France,All,BEV+PHEV,2022,7,30924,monthly_est,IEA_Global_EV_Outlook_2024,1.0,35.6,64.4,1.0,27.8,80000.0,10000.0,90000.0,2.0,30924.0,30924.0,24758.0,30924.0,0.2491,3,2022-07-01,2022-07
France,All,BEV+PHEV,2022,8,30924,monthly_est,IEA_Global_EV_Outlook_2024,1.25,65.75,66.25,1.0,31.0,80000.0,10000.0,90000.0,2.0,30924.0,30924.0,24758.0,30924.0,0.2491,3,2022-08-01,2022-08
France,All,BEV+PHEV,2022,9,30924,monthly_est,IEA_Global_EV_Outlook_2024,1.0,18.25,58.0,1.0,35.5,80000.0,10000.0,90000.0,2.0,30924.0,30924.0,24758.0,30924.0,0.2491,3,2022-09-01,2022-09
France,All,BEV+PHEV,2022,10,30924,monthly_est,IEA_Global_EV_Outlook_2024,2.4,35.4,64.0,1.0,41.6,80000.0,10000.0,90000.0,1.85,30924.0,30924.0,24758.0,30924.0,0.2491,4,2022-10-01,2022-10
France,All,BEV+PHEV,2022,11,30924,monthly_est,IEA_Global_EV_Outlook_2024,1.0,42.5,58.0,1.0,59.25,80000.0,10000.0,90000.0,1.85,30924.0,30924.0,24758.0,30924.0,0.2491,4,2022-11-01,2022-11
France,All,BEV+PHEV,2022,12,30924,monthly_est,IEA_Global_EV_Outlook_2024,1.0,54.25,64.5,1.0,12.0,80000.0,10000.0,90000.0,1.85,30924.0,30924.0,24758.0,30924.0,0.2491,4,2022-12-01,2022-12
France,All,BEV+PHEV,2023,1,39704,monthly_est,IEA_Global_EV_Outlook_2024,1.4,29.4,73.4,0.8,32.4,115000.0,14000.0,129000.0,1.78,30924.0,30924.0,30924.0,33850.666666666664,0.2839,1,2023-01-01,2023-01
France,All,BEV+PHEV,2023,2,39704,monthly_est,IEA_Global_EV_Outlook_2024,1.5,35.0,67.25,1.0,39.75,115000.0,14000.0,129000.0,1.78,39704.0,30924.0,30924.0,36777.333333333336,0.2839,1,2023-02-01,2023-02
France,All,BEV+PHEV,2023,3,39704,monthly_est,IEA_Global_EV_Outlook_2024,1.25,36.25,69.25,1.0,33.0,115000.0,14000.0,129000.0,1.78,39704.0,30924.0,30924.0,39704.0,0.2839,1,2023-03-01,2023-03
France,All,BEV+PHEV,2023,4,39704,monthly_est,IEA_Global_EV_Outlook_2024,2.2,39.4,75.2,1.0,62.4,115000.0,14000.0,129000.0,1.82,39704.0,39704.0,30924.0,39704.0,0.2839,2,2023-04-01,2023-04
France,All,BEV+PHEV,2023,5,39704,monthly_est,IEA_Global_EV_Outlook_2024,3.25,64.5,74.25,1.0,48.5,115000.0,14000.0,129000.0,1.82,39704.0,39704.0,30924.0,39704.0,0.2839,2,2023-05-01,2023-05
France,All,BEV+PHEV,2023,6,39704,monthly_est,IEA_Global_EV_Outlook_2024,3.0,65.0,79.0,1.0,61.5,115000.0,14000.0,129000.0,1.82,39704.0,39704.0,30924.0,39704.0,0.2839,2,2023-06-01,2023-06
France,All,BEV+PHEV,2023,7,39704,monthly_est,IEA_Global_EV_Outlook_2024,2.0,58.2,79.0,1.0,57.4,115000.0,14000.0,129000.0,1.85,39704.0,39704.0,30924.0,39704.0,0.2839,3,2023-07-01,2023-07
France,All,BEV+PHEV,2023,8,39704,monthly_est,IEA_Global_EV_Outlook_2024,2.75,80.25,84.75,1.0,39.25,115000.0,14000.0,129000.0,1.85,39704.0,39704.0,30924.0,39704.0,0.2839,3,2023-08-01,2023-08
France,All,BEV+PHEV,2023,9,39704,monthly_est,IEA_Global_EV_Outlook_2024,5.0,44.0,82.25,1.0,55.25,115000.0,14000.0,129000.0,1.85,39704.0,39704.0,30924.0,39704.0,0.2839,3,2023-09-01,2023-09
France,All,BEV+PHEV,2023,10,39704,monthly_est,IEA_Global_EV_Outlook_2024,4.0,65.0,78.8,1.0,62.2,115000.0,14000.0,129000.0,1.72,39704.0,39704.0,30924.0,39704.0,0.2839,4,2023-10-01,2023-10
France,All,BEV+PHEV,2023,11,39704,monthly_est,IEA_Global_EV_Outlook_2024,4.5,51.75,76.0,1.0,70.5,115000.0,14000.0,129000.0,1.72,39704.0,39704.0,30924.0,39704.0,0.2839,4,2023-11-01,2023-11
France,All,BEV+PHEV,2023,12,39704,monthly_est,IEA_Global_EV_Outlook_2024,7.67,45.5,83.5,1.0,43.33,115000.0,14000.0,129000.0,1.72,39704.0,39704.0,30924.0,39704.0,0.2839,4,2023-12-01,2023-12
Germany,VW,BEV+PHEV,2021,1,9633,monthly_est,brand_reports,20.4,31.8,74.4,0.2,76.2,52000.0,8400.0,60400.0,1.38,,,,9633.0,,1,2021-01-01,2021-01
Germany,VW,BEV+PHEV,2021,2,9633,monthly_est,brand_reports,17.75,18.75,64.0,0.25,64.5,52000.0,8400.0,60400.0,1.38,9633.0,,,9633.0,,1,2021-02-01,2021-02
Germany,VW,BEV+PHEV,2021,3,9633,monthly_est,brand_reports,16.75,8.75,63.75,0.0,78.5,52000.0,8400.0,60400.0,1.38,9633.0,,,9633.0,,1,2021-03-01,2021-03
Germany,VW,BEV+PHEV,2021,4,14033,monthly_est,brand_reports,13.75,14.75,51.75,0.0,71.0,52000.0,8400.0,60400.0,1.5,9633.0,9633.0,,11099.666666666666,,2,2021-04-01,2021-04
Germany,VW,BEV+PHEV,2021,5,14033,monthly_est,brand_reports,14.4,13.8,49.6,0.0,53.8,52000.0,8400.0,60400.0,1.5,14033.0,9633.0,,12566.333333333334,,2,2021-05-01,2021-05
Germany,VW,BEV+PHEV,2021,6,14033,monthly_est,brand_reports,15.5,17.75,42.5,0.0,67.25,52000.0,8400.0,60400.0,1.5,14033.0,9633.0,,14033.0,,2,2021-06-01,2021-06
Germany,VW,BEV+PHEV,2021,7,19600,monthly_est,brand_reports,13.5,29.0,43.75,0.25,47.75,52000.0,8400.0,60400.0,1.58,14033.0,14033.0,,15888.666666666666,,3,2021-07-01,2021-07
Germany,VW,BEV+PHEV,2021,8,19600,monthly_est,brand_reports,15.0,16.6,48.6,0.0,56.4,52000.0,8400.0,60400.0,1.58,19600.0,14033.0,,17744.333333333332,,3,2021-08-01,2021-08
Germany,VW,BEV+PHEV,2021,9,19600,monthly_est,brand_reports,11.5,18.5,45.5,0.25,59.25,52000.0,8400.0,60400.0,1.58,19600.0,14033.0,,19600.0,,3,2021-09-01,2021-09
Germany,VW,BEV+PHEV,2021,10,24733,monthly_est,brand_reports,14.0,36.2,73.6,0.0,68.8,52000.0,8400.0,60400.0,1.7,19600.0,19600.0,,21311.0,,4,2021-10-01,2021-10
Germany,VW,BEV+PHEV,2021,11,24733,monthly_est,brand_reports,12.5,36.25,67.75,0.0,82.5,52000.0,8400.0,60400.0,1.7,24733.0,19600.0,,23022.0,,4,2021-11-01,2021-11
Germany,VW,BEV+PHEV,2021,12,24733,monthly_est,brand_reports,9.2,15.2,61.8,0.0,37.8,52000.0,8400.0,60400.0,1.7,24733.0,19600.0,,24733.0,,4,2021-12-01,2021-12
Germany,VW,BEV+PHEV,2022,1,24133,monthly_est,brand_reports,10.8,32.4,74.2,1.0,69.4,72000.0,13000.0,85000.0,1.85,24733.0,24733.0,9633.0,24533.0,1.5052,1,2022-01-01,2022-01
Germany,VW,BEV+PHEV,2022,2,24133,monthly_est,brand_reports,11.25,40.25,64.5,1.0,77.5,72000.0,13000.0,85000.0,1.85,24133.0,24733.0,9633.0,24333.0,1.5052,1,2022-02-01,2022-02
Germany,VW,BEV+PHEV,2022,3,24133,monthly_est,brand_reports,12.75,37.0,82.0,1.0,76.75,72000.0,13000.0,85000.0,1.85,24133.0,24733.0,9633.0,24133.0,1.5052,1,2022-03-01,2022-03
Germany,VW,BEV+PHEV,2022,4,29400,monthly_est,brand_reports,10.25,42.75,77.0,1.0,60.0,72000.0,13000.0,85000.0,2.1,24133.0,24133.0,14033.0,25888.666666666668,1.0951,2,2022-04-01,2022-04
Germany,VW,BEV+PHEV,2022,5,29400,monthly_est,brand_reports,11.2,39.2,63.6,1.0,59.0,72000.0,13000.0,85000.0,2.1,29400.0,24133.0,14033.0,27644.333333333332,1.0951,2,2022-05-01,2022-05
Germany,VW,BEV+PHEV,2022,6,29400,monthly_est,brand_reports,12.75,39.75,57.5,1.0,70.5,72000.0,13000.0,85000.0,2.1,29400.0,24133.0,14033.0,29400.0,1.0951,2,2022-06-01,2022-06
Germany,VW,BEV+PHEV,2022,7,30333,monthly_est,brand_reports,15.2,47.6,58.4,1.0,52.8,72000.0,13000.0,85000.0,1.95,29400.0,29400.0,19600.0,29711.0,0.5476,3,2022-07-01,2022-07
Germany,VW,BEV+PHEV,2022,8,30333,monthly_est,brand_reports,13.0,48.25,58.5,1.0,63.5,72000.0,13000.0,85000.0,1.95,30333.0,29400.0,19600.0,30022.0,0.5476,3,2022-08-01,2022-08
Germany,VW,BEV+PHEV,2022,9,30333,monthly_est,brand_reports,11.5,24.75,53.0,1.0,50.25,72000.0,13000.0,85000.0,1.95,30333.0,29400.0,19600.0,30333.0,0.5476,3,2022-09-01,2022-09
Germany,VW,BEV+PHEV,2022,10,34766,monthly_est,brand_reports,13.8,39.2,54.6,1.0,53.4,72000.0,13000.0,85000.0,1.82,30333.0,30333.0,24733.0,31810.666666666668,0.4057,4,2022-10-01,2022-10
Germany,VW,BEV+PHEV,2022,11,34766,monthly_est,brand_reports,10.75,39.5,55.5,0.75,59.25,72000.0,13000.0,85000.0,1.82,34766.0,30333.0,24733.0,33288.333333333336,0.4057,4,2022-11-01,2022-11
Germany,VW,BEV+PHEV,2022,12,34766,monthly_est,brand_reports,10.0,37.5,71.25,1.0,54.0,72000.0,13000.0,85000.0,1.82,34766.0,30333.0,24733.0,34766.0,0.4057,4,2022-12-01,2022-12
India,All,BEV+PHEV,2019,1,316,monthly_est,IEA_Global_EV_Outlook_2024,1.0,3.25,28.75,10.5,23.5,,,,0.88,,,,316.0,,1,2019-01-01,2019-01
India,All,BEV+PHEV,2019,2,316,monthly_est,IEA_Global_EV_Outlook_2024,1.0,3.5,26.25,10.25,23.75,,,,0.88,316.0,,,316.0,,1,2019-02-01,2019-02
India,All,BEV+PHEV,2019,3,316,monthly_est,IEA_Global_EV_Outlook_2024,1.0,4.0,28.2,10.2,24.2,,,,0.88,316.0,,,316.0,,1,2019-03-01,2019-03
India,All,BEV+PHEV,2019,4,316,monthly_est,IEA_Global_EV_Outlook_2024,1.0,2.75,24.5,8.5,21.75,,,,0.9,316.0,316.0,,316.0,,2,2019-04-01,2019-04
India,All,BEV+PHEV,2019,5,316,monthly_est,IEA_Global_EV_Outlook_2024,1.0,3.5,29.75,9.25,21.5,,,,0.9,316.0,316.0,,316.0,,2,2019-05-01,2019-05
India,All,BEV+PHEV,2019,6,316,monthly_est,IEA_Global_EV_Outlook_2024,1.0,5.0,25.2,15.4,31.0,,,,0.9,316.0,316.0,,316.0,,2,2019-06-01,2019-06
India,All,BEV+PHEV,2019,7,316,monthly_est,IEA_Global_EV_Outlook_2024,1.0,9.75,33.25,35.25,48.75,,,,0.89,316.0,316.0,,316.0,,3,2019-07-01,2019-07
India,All,BEV+PHEV,2019,8,316,monthly_est,IEA_Global_EV_Outlook_2024,1.0,7.75,31.5,20.25,40.5,,,,0.89,316.0,316.0,,316.0,,3,2019-08-01,2019-08
India,All,BEV+PHEV,2019,9,316,monthly_est,IEA_Global_EV_Outlook_2024,1.2,6.2,31.2,17.4,41.8,,,,0.89,316.0,316.0,,316.0,,3,2019-09-01,2019-09
India,All,BEV+PHEV,2019,10,316,monthly_est,IEA_Global_EV_Outlook_2024,1.0,6.25,28.75,16.25,53.25,,,,0.88,316.0,316.0,,316.0,,4,2019-10-01,2019-10
India,All,BEV+PHEV,2019,11,316,monthly_est,IEA_Global_EV_Outlook_2024,1.0,6.25,57.0,17.0,38.25,,,,0.88,316.0,316.0,,316.0,,4,2019-11-01,2019-11
India,All,BEV+PHEV,2019,12,316,monthly_est,IEA_Global_EV_Outlook_2024,1.0,10.5,35.17,18.83,48.0,,,,0.88,316.0,316.0,,316.0,,4,2019-12-01,2019-12
India,All,BEV+PHEV,2020,1,416,monthly_est,IEA_Global_EV_Outlook_2024,1.0,21.75,24.0,14.5,84.75,,,,0.82,316.0,316.0,316.0,349.3333333333333,0.3165,1,2020-01-01,2020-01
India,All,BEV+PHEV,2020,2,416,monthly_est,IEA_Global_EV_Outlook_2024,0.75,22.25,29.0,15.5,84.25,,,,0.82,416.0,316.0,316.0,382.6666666666667,0.3165,1,2020-02-01,2020-02
India,All,BEV+PHEV,2020,3,416,monthly_est,IEA_Global_EV_Outlook_2024,0.6,10.4,21.4,8.4,59.8,,,,0.82,416.0,316.0,316.0,416.0,0.3165,1,2020-03-01,2020-03
India,All,BEV+PHEV,2020,4,416,monthly_est,IEA_Global_EV_Outlook_2024,1.0,8.25,22.25,6.25,49.75,,,,0.8,416.0,416.0,316.0,416.0,0.3165,2,2020-04-01,2020-04
India,All,BEV+PHEV,2020,5,416,monthly_est,IEA_Global_EV_Outlook_2024,0.4,8.4,25.0,7.0,57.8,,,,0.8,416.0,416.0,316.0,416.0,0.3165,2,2020-05-01,2020-05
India,All,BEV+PHEV,2020,6,416,monthly_est,IEA_Global_EV_Outlook_2024,0.5,13.75,27.5,9.0,57.5,,,,0.8,416.0,416.0,316.0,416.0,0.3165,2,2020-06-01,2020-06
India,All,BEV+PHEV,2020,7,416,monthly_est,IEA_Global_EV_Outlook_2024,0.0,16.25,39.0,11.25,55.5,,,,0.85,416.0,416.0,316.0,416.0,0.3165,3,2020-07-01,2020-07
India,All,BEV+PHEV,2020,8,416,monthly_est,IEA_Global_EV_Outlook_2024,0.4,16.4,36.2,11.4,73.0,,,,0.85,416.0,416.0,316.0,416.0,0.3165,3,2020-08-01,2020-08
India,All,BEV+PHEV,2020,9,416,monthly_est,IEA_Global_EV_Outlook_2024,0.0,18.5,39.0,11.0,68.5,,,,0.85,416.0,416.0,316.0,416.0,0.3165,3,2020-09-01,2020-09
India,All,BEV+PHEV,2020,10,416,monthly_est,IEA_Global_EV_Outlook_2024,0.0,17.0,29.25,11.5,73.5,,,,0.87,416.0,416.0,316.0,416.0,0.3165,4,2020-10-01,2020-10
India,All,BEV+PHEV,2020,11,416,monthly_est,IEA_Global_EV_Outlook_2024,0.4,23.0,33.8,12.4,76.0,,,,0.87,416.0,416.0,316.0,416.0,0.3165,4,2020-11-01,2020-11
India,All,BEV+PHEV,2020,12,416,monthly_est,IEA_Global_EV_Outlook_2024,0.8,23.4,54.8,13.6,76.2,,,,0.87,416.0,416.0,316.0,416.0,0.3165,4,2020-12-01,2020-12
India,All,BEV+PHEV,2021,1,1099,monthly_est,IEA_Global_EV_Outlook_2024,0.0,18.4,55.4,8.6,49.2,1800.0,580.0,2380.0,0.9,416.0,416.0,416.0,643.6666666666666,1.6418,1,2021-01-01,2021-01
India,All,BEV+PHEV,2021,2,1099,monthly_est,IEA_Global_EV_Outlook_2024,0.0,23.5,25.0,10.0,66.0,1800.0,580.0,2380.0,0.9,1099.0,416.0,416.0,871.3333333333334,1.6418,1,2021-02-01,2021-02
India,All,BEV+PHEV,2021,3,1099,monthly_est,IEA_Global_EV_Outlook_2024,0.0,17.5,21.75,8.25,58.25,1800.0,580.0,2380.0,0.9,1099.0,416.0,416.0,1099.0,1.6418,1,2021-03-01,2021-03
India,All,BEV+PHEV,2021,4,1099,monthly_est,IEA_Global_EV_Outlook_2024,0.0,12.75,17.5,5.5,41.75,1800.0,580.0,2380.0,0.98,1099.0,1099.0,416.0,1099.0,1.6418,2,2021-04-01,2021-04
India,All,BEV+PHEV,2021,5,1099,monthly_est,IEA_Global_EV_Outlook_2024,0.0,12.0,19.0,5.4,44.4,1800.0,580.0,2380.0,0.98,1099.0,1099.0,416.0,1099.0,1.6418,2,2021-05-01,2021-05
India,All,BEV+PHEV,2021,6,1099,monthly_est,IEA_Global_EV_Outlook_2024,0.0,17.0,15.5,7.25,64.25,1800.0,580.0,2380.0,0.98,1099.0,1099.0,416.0,1099.0,1.6418,2,2021-06-01,2021-06
India,All,BEV+PHEV,2021,7,1099,monthly_est,IEA_Global_EV_Outlook_2024,0.0,30.5,18.25,9.5,78.25,1800.0,580.0,2380.0,1.05,1099.0,1099.0,416.0,1099.0,1.6418,3,2021-07-01,2021-07
India,All,BEV+PHEV,2021,8,1099,monthly_est,IEA_Global_EV_Outlook_2024,0.0,27.0,16.0,8.0,70.8,1800.0,580.0,2380.0,1.05,1099.0,1099.0,416.0,1099.0,1.6418,3,2021-08-01,2021-08
India,All,BEV+PHEV,2021,9,1099,monthly_est,IEA_Global_EV_Outlook_2024,0.0,27.5,14.25,7.5,66.5,1800.0,580.0,2380.0,1.05,1099.0,1099.0,416.0,1099.0,1.6418,3,2021-09-01,2021-09
India,All,BEV+PHEV,2021,10,1099,monthly_est,IEA_Global_EV_Outlook_2024,0.2,29.2,17.2,8.2,66.6,1800.0,580.0,2380.0,1.1,1099.0,1099.0,416.0,1099.0,1.6418,4,2021-10-01,2021-10
India,All,BEV+PHEV,2021,11,1099,monthly_est,IEA_Global_EV_Outlook_2024,0.5,27.5,22.5,8.5,67.5,1800.0,580.0,2380.0,1.1,1099.0,1099.0,416.0,1099.0,1.6418,4,2021-11-01,2021-11
India,All,BEV+PHEV,2021,12,1099,monthly_est,IEA_Global_EV_Outlook_2024,1.2,22.0,27.4,10.2,64.2,1800.0,580.0,2380.0,1.1,1099.0,1099.0,416.0,1099.0,1.6418,4,2021-12-01,2021-12
India,All,BEV+PHEV,2022,1,4014,monthly_est,IEA_Global_EV_Outlook_2024,2.2,33.0,82.2,26.6,82.6,6100.0,1200.0,7300.0,1.12,1099.0,1099.0,1099.0,2070.6666666666665,2.6524,1,2022-01-01,2022-01
India,All,BEV+PHEV,2022,2,4014,monthly_est,IEA_Global_EV_Outlook_2024,2.0,32.75,69.0,29.5,90.0,6100.0,1200.0,7300.0,1.12,4014.0,1099.0,1099.0,3042.3333333333335,2.6524,1,2022-02-01,2022-02
India,All,BEV+PHEV,2022,3,4014,monthly_est,IEA_Global_EV_Outlook_2024,3.0,33.0,56.5,29.0,92.25,6100.0,1200.0,7300.0,1.12,4014.0,1099.0,1099.0,4014.0,2.6524,1,2022-03-01,2022-03
India,All,BEV+PHEV,2022,4,4014,monthly_est,IEA_Global_EV_Outlook_2024,3.75,34.75,68.0,34.0,83.75,6100.0,1200.0,7300.0,1.18,4014.0,4014.0,1099.0,4014.0,2.6524,2,2022-04-01,2022-04
India,All,BEV+PHEV,2022,5,4014,monthly_est,IEA_Global_EV_Outlook_2024,3.4,30.6,67.0,29.2,68.2,6100.0,1200.0,7300.0,1.18,4014.0,4014.0,1099.0,4014.0,2.6524,2,2022-05-01,2022-05
India,All,BEV+PHEV,2022,6,4014,monthly_est,IEA_Global_EV_Outlook_2024,4.5,25.5,54.0,23.75,60.75,6100.0,1200.0,7300.0,1.18,4014.0,4014.0,1099.0,4014.0,2.6524,2,2022-06-01,2022-06
India,All,BEV+PHEV,2022,7,4014,monthly_est,IEA_Global_EV_Outlook_2024,4.4,23.0,53.4,22.6,64.6,6100.0,1200.0,7300.0,1.15,4014.0,4014.0,1099.0,4014.0,2.6524,3,2022-07-01,2022-07
India,All,BEV+PHEV,2022,8,4014,monthly_est,IEA_Global_EV_Outlook_2024,5.75,24.75,50.5,29.0,63.0,6100.0,1200.0,7300.0,1.15,4014.0,4014.0,1099.0,4014.0,2.6524,3,2022-08-01,2022-08
India,All,BEV+PHEV,2022,9,4014,monthly_est,IEA_Global_EV_Outlook_2024,5.5,27.5,56.5,24.0,68.75,6100.0,1200.0,7300.0,1.15,4014.0,4014.0,1099.0,4014.0,2.6524,3,2022-09-01,2022-09
India,All,BEV+PHEV,2022,10,4014,monthly_est,IEA_Global_EV_Outlook_2024,12.2,30.0,47.4,26.8,71.0,6100.0,1200.0,7300.0,1.12,4014.0,4014.0,1099.0,4014.0,2.6524,4,2022-10-01,2022-10
India,All,BEV+PHEV,2022,11,4014,monthly_est,IEA_Global_EV_Outlook_2024,11.0,27.25,49.0,25.5,68.5,6100.0,1200.0,7300.0,1.12,4014.0,4014.0,1099.0,4014.0,2.6524,4,2022-11-01,2022-11
India,All,BEV+PHEV,2022,12,4014,monthly_est,IEA_Global_EV_Outlook_2024,10.5,26.25,54.75,26.5,64.5,6100.0,1200.0,7300.0,1.12,4014.0,4014.0,1099.0,4014.0,2.6524,4,2022-12-01,2022-12
India,All,BEV+PHEV,2023,1,7536,monthly_est,IEA_Global_EV_Outlook_2024,11.0,34.2,74.8,32.4,86.8,12000.0,2100.0,14100.0,1.08,4014.0,4014.0,4014.0,5188.0,0.8774,1,2023-01-01,2023-01
India,All,BEV+PHEV,2023,2,7536,monthly_est,IEA_Global_EV_Outlook_2024,11.0,36.0,67.75,29.75,91.25,12000.0,2100.0,14100.0,1.08,7536.0,4014.0,4014.0,6362.0,0.8774,1,2023-02-01,2023-02
India,All,BEV+PHEV,2023,3,7536,monthly_est,IEA_Global_EV_Outlook_2024,10.5,36.0,51.5,27.25,85.5,12000.0,2100.0,14100.0,1.08,7536.0,4014.0,4014.0,7536.0,0.8774,1,2023-03-01,2023-03
India,All,BEV+PHEV,2023,4,7536,monthly_est,IEA_Global_EV_Outlook_2024,10.8,41.0,45.4,34.6,78.0,12000.0,2100.0,14100.0,1.06,7536.0,7536.0,4014.0,7536.0,0.8774,2,2023-04-01,2023-04
India,All,BEV+PHEV,2023,5,7536,monthly_est,IEA_Global_EV_Outlook_2024,10.25,39.75,45.75,36.5,78.0,12000.0,2100.0,14100.0,1.06,7536.0,7536.0,4014.0,7536.0,0.8774,2,2023-05-01,2023-05
India,All,BEV+PHEV,2023,6,7536,monthly_est,IEA_Global_EV_Outlook_2024,11.0,39.0,60.25,32.5,80.5,12000.0,2100.0,14100.0,1.06,7536.0,7536.0,4014.0,7536.0,0.8774,2,2023-06-01,2023-06
India,All,BEV+PHEV,2023,7,7536,monthly_est,IEA_Global_EV_Outlook_2024,12.0,39.2,67.8,30.4,82.6,12000.0,2100.0,14100.0,1.05,7536.0,7536.0,4014.0,7536.0,0.8774,3,2023-07-01,2023-07
India,All,BEV+PHEV,2023,8,7536,monthly_est,IEA_Global_EV_Outlook_2024,9.5,40.75,61.0,31.5,81.5,12000.0,2100.0,14100.0,1.05,7536.0,7536.0,4014.0,7536.0,0.8774,3,2023-08-01,2023-08
India,All,BEV+PHEV,2023,9,7536,monthly_est,IEA_Global_EV_Outlook_2024,9.75,43.75,51.25,30.75,83.25,12000.0,2100.0,14100.0,1.05,7536.0,7536.0,4014.0,7536.0,0.8774,3,2023-09-01,2023-09
India,All,BEV+PHEV,2023,10,7536,monthly_est,IEA_Global_EV_Outlook_2024,8.6,37.2,51.4,28.2,73.8,12000.0,2100.0,14100.0,1.03,7536.0,7536.0,4014.0,7536.0,0.8774,4,2023-10-01,2023-10
India,All,BEV+PHEV,2023,11,7536,monthly_est,IEA_Global_EV_Outlook_2024,8.5,39.75,44.75,28.75,82.25,12000.0,2100.0,14100.0,1.03,7536.0,7536.0,4014.0,7536.0,0.8774,4,2023-11-01,2023-11
India,All,BEV+PHEV,2023,12,7536,monthly_est,IEA_Global_EV_Outlook_2024,10.67,43.33,47.17,30.5,91.83,12000.0,2100.0,14100.0,1.03,7536.0,7536.0,4014.0,7536.0,0.8774,4,2023-12-01,2023-12
Netherlands,All,BEV+PHEV,2019,1,7266,monthly_est,IEA_Global_EV_Outlook_2024,0.0,0.0,33.0,1.0,0.0,55000.0,3800.0,58800.0,1.68,,,,7266.0,,1,2019-01-01,2019-01
Netherlands,All,BEV+PHEV,2019,2,7266,monthly_est,IEA_Global_EV_Outlook_2024,0.0,0.0,33.25,1.0,23.0,55000.0,3800.0,58800.0,1.68,7266.0,,,7266.0,,1,2019-02-01,2019-02
Netherlands,All,BEV+PHEV,2019,3,7266,monthly_est,IEA_Global_EV_Outlook_2024,0.0,0.0,40.6,1.0,0.0,55000.0,3800.0,58800.0,1.68,7266.0,,,7266.0,,1,2019-03-01,2019-03
Netherlands,All,BEV+PHEV,2019,4,7266,monthly_est,IEA_Global_EV_Outlook_2024,0.0,0.0,39.75,1.0,37.75,55000.0,3800.0,58800.0,1.75,7266.0,7266.0,,7266.0,,2,2019-04-01,2019-04
Netherlands,All,BEV+PHEV,2019,5,7266,monthly_est,IEA_Global_EV_Outlook_2024,0.0,0.0,39.5,1.0,18.0,55000.0,3800.0,58800.0,1.75,7266.0,7266.0,,7266.0,,2,2019-05-01,2019-05
Netherlands,All,BEV+PHEV,2019,6,7266,monthly_est,IEA_Global_EV_Outlook_2024,0.0,0.0,38.2,1.0,20.0,55000.0,3800.0,58800.0,1.75,7266.0,7266.0,,7266.0,,2,2019-06-01,2019-06
Netherlands,All,BEV+PHEV,2019,7,7266,monthly_est,IEA_Global_EV_Outlook_2024,0.0,0.0,40.5,1.0,0.0,55000.0,3800.0,58800.0,1.72,7266.0,7266.0,,7266.0,,3,2019-07-01,2019-07
Netherlands,All,BEV+PHEV,2019,8,7266,monthly_est,IEA_Global_EV_Outlook_2024,0.0,0.0,40.25,1.0,0.0,55000.0,3800.0,58800.0,1.72,7266.0,7266.0,,7266.0,,3,2019-08-01,2019-08
Netherlands,All,BEV+PHEV,2019,9,7266,monthly_est,IEA_Global_EV_Outlook_2024,0.0,14.8,47.2,1.0,0.0,55000.0,3800.0,58800.0,1.72,7266.0,7266.0,,7266.0,,3,2019-09-01,2019-09
Netherlands,All,BEV+PHEV,2019,10,7266,monthly_est,IEA_Global_EV_Outlook_2024,0.0,0.0,45.25,1.0,0.0,55000.0,3800.0,58800.0,1.65,7266.0,7266.0,,7266.0,,4,2019-10-01,2019-10
Netherlands,All,BEV+PHEV,2019,11,7266,monthly_est,IEA_Global_EV_Outlook_2024,0.0,0.0,71.75,1.0,19.75,55000.0,3800.0,58800.0,1.65,7266.0,7266.0,,7266.0,,4,2019-11-01,2019-11
Netherlands,All,BEV+PHEV,2019,12,7266,monthly_est,IEA_Global_EV_Outlook_2024,0.17,11.5,62.5,1.5,0.0,55000.0,3800.0,58800.0,1.65,7266.0,7266.0,,7266.0,,4,2019-12-01,2019-12
Netherlands,All,BEV+PHEV,2020,1,6105,monthly_est,IEA_Global_EV_Outlook_2024,0.25,52.75,66.25,1.75,34.75,71000.0,5200.0,76200.0,1.55,7266.0,7266.0,7266.0,6879.0,-0.1598,1,2020-01-01,2020-01
Netherlands,All,BEV+PHEV,2020,2,6105,monthly_est,IEA_Global_EV_Outlook_2024,0.0,16.0,72.25,1.25,16.75,71000.0,5200.0,76200.0,1.55,6105.0,7266.0,7266.0,6492.0,-0.1598,1,2020-02-01,2020-02
Netherlands,All,BEV+PHEV,2020,3,6105,monthly_est,IEA_Global_EV_Outlook_2024,0.4,0.0,43.8,1.2,13.2,71000.0,5200.0,76200.0,1.55,6105.0,7266.0,7266.0,6105.0,-0.1598,1,2020-03-01,2020-03
Netherlands,All,BEV+PHEV,2020,4,6105,monthly_est,IEA_Global_EV_Outlook_2024,0.0,15.75,38.25,0.75,0.0,71000.0,5200.0,76200.0,1.42,6105.0,6105.0,7266.0,6105.0,-0.1598,2,2020-04-01,2020-04
Netherlands,All,BEV+PHEV,2020,5,6105,monthly_est,IEA_Global_EV_Outlook_2024,0.4,11.4,41.6,1.0,0.0,71000.0,5200.0,76200.0,1.42,6105.0,6105.0,7266.0,6105.0,-0.1598,2,2020-05-01,2020-05
Netherlands,All,BEV+PHEV,2020,6,6105,monthly_est,IEA_Global_EV_Outlook_2024,0.0,14.75,45.5,1.25,37.25,71000.0,5200.0,76200.0,1.42,6105.0,6105.0,7266.0,6105.0,-0.1598,2,2020-06-01,2020-06
Netherlands,All,BEV+PHEV,2020,7,6105,monthly_est,IEA_Global_EV_Outlook_2024,0.25,17.0,64.25,1.0,25.0,71000.0,5200.0,76200.0,1.5,6105.0,6105.0,7266.0,6105.0,-0.1598,3,2020-07-01,2020-07
Netherlands,All,BEV+PHEV,2020,8,6105,monthly_est,IEA_Global_EV_Outlook_2024,0.0,12.0,62.2,1.0,14.0,71000.0,5200.0,76200.0,1.5,6105.0,6105.0,7266.0,6105.0,-0.1598,3,2020-08-01,2020-08
Netherlands,All,BEV+PHEV,2020,9,6105,monthly_est,IEA_Global_EV_Outlook_2024,1.0,51.75,72.5,1.25,24.0,71000.0,5200.0,76200.0,1.5,6105.0,6105.0,7266.0,6105.0,-0.1598,3,2020-09-01,2020-09
Netherlands,All,BEV+PHEV,2020,10,6105,monthly_est,IEA_Global_EV_Outlook_2024,0.5,0.0,50.0,1.0,0.0,71000.0,5200.0,76200.0,1.52,6105.0,6105.0,7266.0,6105.0,-0.1598,4,2020-10-01,2020-10
Netherlands,All,BEV+PHEV,2020,11,6105,monthly_est,IEA_Global_EV_Outlook_2024,1.2,15.8,49.0,1.0,14.2,71000.0,5200.0,76200.0,1.52,6105.0,6105.0,7266.0,6105.0,-0.1598,4,2020-11-01,2020-11
Netherlands,All,BEV+PHEV,2020,12,6105,monthly_est,IEA_Global_EV_Outlook_2024,1.0,0.0,59.6,1.4,0.0,71000.0,5200.0,76200.0,1.52,6105.0,6105.0,7266.0,6105.0,-0.1598,4,2020-12-01,2020-12
Netherlands,All,BEV+PHEV,2021,1,9928,monthly_est,IEA_Global_EV_Outlook_2024,1.2,30.0,86.2,2.0,18.2,95000.0,7400.0,102400.0,1.58,6105.0,6105.0,6105.0,7379.333333333333,0.6262,1,2021-01-01,2021-01
Netherlands,All,BEV+PHEV,2021,2,9928,monthly_est,IEA_Global_EV_Outlook_2024,1.5,29.75,83.25,2.0,42.0,95000.0,7400.0,102400.0,1.58,9928.0,6105.0,6105.0,8653.666666666666,0.6262,1,2021-02-01,2021-02
Netherlands,All,BEV+PHEV,2021,3,9928,monthly_est,IEA_Global_EV_Outlook_2024,1.0,12.75,75.25,2.0,28.0,95000.0,7400.0,102400.0,1.58,9928.0,6105.0,6105.0,9928.0,0.6262,1,2021-03-01,2021-03
Netherlands,All,BEV+PHEV,2021,4,9928,monthly_est,IEA_Global_EV_Outlook_2024,1.0,0.0,68.25,2.0,29.5,95000.0,7400.0,102400.0,1.68,9928.0,9928.0,6105.0,9928.0,0.6262,2,2021-04-01,2021-04
Netherlands,All,BEV+PHEV,2021,5,9928,monthly_est,IEA_Global_EV_Outlook_2024,1.0,9.4,69.2,2.0,10.0,95000.0,7400.0,102400.0,1.68,9928.0,9928.0,6105.0,9928.0,0.6262,2,2021-05-01,2021-05
Netherlands,All,BEV+PHEV,2021,6,9928,monthly_est,IEA_Global_EV_Outlook_2024,1.0,17.25,59.75,2.0,0.0,95000.0,7400.0,102400.0,1.68,9928.0,9928.0,6105.0,9928.0,0.6262,2,2021-06-01,2021-06
Netherlands,All,BEV+PHEV,2021,7,9928,monthly_est,IEA_Global_EV_Outlook_2024,1.0,55.75,62.75,2.0,0.0,95000.0,7400.0,102400.0,1.78,9928.0,9928.0,6105.0,9928.0,0.6262,3,2021-07-01,2021-07
Netherlands,All,BEV+PHEV,2021,8,9928,monthly_est,IEA_Global_EV_Outlook_2024,1.0,0.0,62.4,1.8,11.4,95000.0,7400.0,102400.0,1.78,9928.0,9928.0,6105.0,9928.0,0.6262,3,2021-08-01,2021-08
Netherlands,All,BEV+PHEV,2021,9,9928,monthly_est,IEA_Global_EV_Outlook_2024,1.0,14.5,60.75,2.25,28.5,95000.0,7400.0,102400.0,1.78,9928.0,9928.0,6105.0,9928.0,0.6262,3,2021-09-01,2021-09
Netherlands,All,BEV+PHEV,2021,10,9928,monthly_est,IEA_Global_EV_Outlook_2024,1.0,38.2,71.8,2.2,26.0,95000.0,7400.0,102400.0,1.92,9928.0,9928.0,6105.0,9928.0,0.6262,4,2021-10-01,2021-10
Netherlands,All,BEV+PHEV,2021,11,9928,monthly_est,IEA_Global_EV_Outlook_2024,1.0,27.5,70.0,2.0,13.75,95000.0,7400.0,102400.0,1.92,9928.0,9928.0,6105.0,9928.0,0.6262,4,2021-11-01,2021-11
Netherlands,All,BEV+PHEV,2021,12,9928,monthly_est,IEA_Global_EV_Outlook_2024,1.0,34.2,69.2,2.0,0.0,95000.0,7400.0,102400.0,1.92,9928.0,9928.0,6105.0,9928.0,0.6262,4,2021-12-01,2021-12
Netherlands,All,BEV+PHEV,2022,1,5928,monthly_est,IEA_Global_EV_Outlook_2024,1.2,38.6,75.8,2.8,13.8,120000.0,10200.0,130200.0,2.1,9928.0,9928.0,9928.0,8594.666666666666,-0.4029,1,2022-01-01,2022-01
Netherlands,All,BEV+PHEV,2022,2,5928,monthly_est,IEA_Global_EV_Outlook_2024,1.0,41.5,64.75,3.0,35.75,120000.0,10200.0,130200.0,2.1,5928.0,9928.0,9928.0,7261.333333333333,-0.4029,1,2022-02-01,2022-02
Netherlands,All,BEV+PHEV,2022,3,5928,monthly_est,IEA_Global_EV_Outlook_2024,1.0,42.75,67.5,3.5,32.0,120000.0,10200.0,130200.0,2.1,5928.0,9928.0,9928.0,5928.0,-0.4029,1,2022-03-01,2022-03
Netherlands,All,BEV+PHEV,2022,4,5928,monthly_est,IEA_Global_EV_Outlook_2024,1.0,46.25,69.75,3.0,22.0,120000.0,10200.0,130200.0,2.38,5928.0,5928.0,9928.0,5928.0,-0.4029,2,2022-04-01,2022-04
Netherlands,All,BEV+PHEV,2022,5,5928,monthly_est,IEA_Global_EV_Outlook_2024,1.0,43.8,68.0,2.8,27.6,120000.0,10200.0,130200.0,2.38,5928.0,5928.0,9928.0,5928.0,-0.4029,2,2022-05-01,2022-05
Netherlands,All,BEV+PHEV,2022,6,5928,monthly_est,IEA_Global_EV_Outlook_2024,1.0,41.5,67.0,3.0,26.75,120000.0,10200.0,130200.0,2.38,5928.0,5928.0,9928.0,5928.0,-0.4029,2,2022-06-01,2022-06
Netherlands,All,BEV+PHEV,2022,7,5928,monthly_est,IEA_Global_EV_Outlook_2024,2.6,49.2,65.0,3.0,15.4,120000.0,10200.0,130200.0,2.25,5928.0,5928.0,9928.0,5928.0,-0.4029,3,2022-07-01,2022-07
Netherlands,All,BEV+PHEV,2022,8,5928,monthly_est,IEA_Global_EV_Outlook_2024,2.75,50.0,68.5,3.0,16.0,120000.0,10200.0,130200.0,2.25,5928.0,5928.0,9928.0,5928.0,-0.4029,3,2022-08-01,2022-08
Netherlands,All,BEV+PHEV,2022,9,5928,monthly_est,IEA_Global_EV_Outlook_2024,2.25,47.25,60.5,2.5,7.75,120000.0,10200.0,130200.0,2.25,5928.0,5928.0,9928.0,5928.0,-0.4029,3,2022-09-01,2022-09
Netherlands,All,BEV+PHEV,2022,10,5928,monthly_est,IEA_Global_EV_Outlook_2024,3.4,45.8,64.4,2.8,28.0,120000.0,10200.0,130200.0,2.08,5928.0,5928.0,9928.0,5928.0,-0.4029,4,2022-10-01,2022-10
Netherlands,All,BEV+PHEV,2022,11,5928,monthly_est,IEA_Global_EV_Outlook_2024,3.0,45.25,63.5,2.5,19.0,120000.0,10200.0,130200.0,2.08,5928.0,5928.0,9928.0,5928.0,-0.4029,4,2022-11-01,2022-11
Netherlands,All,BEV+PHEV,2022,12,5928,monthly_est,IEA_Global_EV_Outlook_2024,3.75,44.5,81.75,2.25,25.0,120000.0,10200.0,130200.0,2.08,5928.0,5928.0,9928.0,5928.0,-0.4029,4,2022-12-01,2022-12
Netherlands,All,BEV+PHEV,2023,1,8824,monthly_est,IEA_Global_EV_Outlook_2024,16.4,61.2,97.0,3.0,15.2,150000.0,13800.0,163800.0,1.98,5928.0,5928.0,5928.0,6893.333333333333,0.4885,1,2023-01-01,2023-01
Netherlands,All,BEV+PHEV,2023,2,8824,monthly_est,IEA_Global_EV_Outlook_2024,16.5,60.75,85.0,3.0,0.0,150000.0,13800.0,163800.0,1.98,8824.0,5928.0,5928.0,7858.666666666667,0.4885,1,2023-02-01,2023-02
Netherlands,All,BEV+PHEV,2023,3,8824,monthly_est,IEA_Global_EV_Outlook_2024,4.25,58.25,74.5,2.5,29.0,150000.0,13800.0,163800.0,1.98,8824.0,5928.0,5928.0,8824.0,0.4885,1,2023-03-01,2023-03
Netherlands,All,BEV+PHEV,2023,4,8824,monthly_est,IEA_Global_EV_Outlook_2024,7.8,65.8,79.4,2.8,35.6,150000.0,13800.0,163800.0,2.02,8824.0,8824.0,5928.0,8824.0,0.4885,2,2023-04-01,2023-04
Netherlands,All,BEV+PHEV,2023,5,8824,monthly_est,IEA_Global_EV_Outlook_2024,6.75,69.5,73.75,2.75,0.0,150000.0,13800.0,163800.0,2.02,8824.0,8824.0,5928.0,8824.0,0.4885,2,2023-05-01,2023-05
Netherlands,All,BEV+PHEV,2023,6,8824,monthly_est,IEA_Global_EV_Outlook_2024,9.5,58.0,75.5,2.75,19.0,150000.0,13800.0,163800.0,2.02,8824.0,8824.0,5928.0,8824.0,0.4885,2,2023-06-01,2023-06
Netherlands,All,BEV+PHEV,2023,7,8824,monthly_est,IEA_Global_EV_Outlook_2024,5.8,68.0,84.4,3.0,19.6,150000.0,13800.0,163800.0,2.05,8824.0,8824.0,5928.0,8824.0,0.4885,3,2023-07-01,2023-07
Netherlands,All,BEV+PHEV,2023,8,8824,monthly_est,IEA_Global_EV_Outlook_2024,6.5,69.0,81.25,3.0,12.25,150000.0,13800.0,163800.0,2.05,8824.0,8824.0,5928.0,8824.0,0.4885,3,2023-08-01,2023-08
Netherlands,All,BEV+PHEV,2023,9,8824,monthly_est,IEA_Global_EV_Outlook_2024,12.75,72.5,83.25,3.25,9.5,150000.0,13800.0,163800.0,2.05,8824.0,8824.0,5928.0,8824.0,0.4885,3,2023-09-01,2023-09
Netherlands,All,BEV+PHEV,2023,10,8824,monthly_est,IEA_Global_EV_Outlook_2024,11.6,76.4,79.8,3.0,53.4,150000.0,13800.0,163800.0,1.92,8824.0,8824.0,5928.0,8824.0,0.4885,4,2023-10-01,2023-10
Netherlands,All,BEV+PHEV,2023,11,8824,monthly_est,IEA_Global_EV_Outlook_2024,6.25,52.25,80.0,3.0,27.0,150000.0,13800.0,163800.0,1.92,8824.0,8824.0,5928.0,8824.0,0.4885,4,2023-11-01,2023-11
Netherlands,All,BEV+PHEV,2023,12,8824,monthly_est,IEA_Global_EV_Outlook_2024,12.83,57.5,82.0,3.17,8.0,150000.0,13800.0,163800.0,1.92,8824.0,8824.0,5928.0,8824.0,0.4885,4,2023-12-01,2023-12
Norway,BYD,BEV+PHEV,2022,1,40,monthly_est,brand_reports,5.0,0.0,78.0,1.8,0.0,28000.0,4900.0,32900.0,2.0,,,,40.0,,1,2022-01-01,2022-01
Norway,BYD,BEV+PHEV,2022,2,40,monthly_est,brand_reports,5.25,0.0,67.75,1.75,0.0,28000.0,4900.0,32900.0,2.0,40.0,,,40.0,,1,2022-02-01,2022-02
Norway,BYD,BEV+PHEV,2022,3,40,monthly_est,brand_reports,5.5,0.0,82.5,2.25,0.0,28000.0,4900.0,32900.0,2.0,40.0,,,40.0,,1,2022-03-01,2022-03
Norway,BYD,BEV+PHEV,2022,4,296,monthly_est,brand_reports,5.25,36.75,79.25,2.5,0.0,28000.0,4900.0,32900.0,2.35,40.0,40.0,,125.33333333333333,,2,2022-04-01,2022-04
Norway,BYD,BEV+PHEV,2022,5,296,monthly_est,brand_reports,4.8,0.0,75.8,2.0,18.6,28000.0,4900.0,32900.0,2.35,296.0,40.0,,210.66666666666666,,2,2022-05-01,2022-05
Norway,BYD,BEV+PHEV,2022,6,296,monthly_est,brand_reports,5.25,0.0,84.25,2.25,0.0,28000.0,4900.0,32900.0,2.35,296.0,40.0,,296.0,,2,2022-06-01,2022-06
Norway,BYD,BEV+PHEV,2022,7,473,monthly_est,brand_reports,6.2,20.0,89.6,2.6,0.0,28000.0,4900.0,32900.0,2.2,296.0,296.0,,355.0,,3,2022-07-01,2022-07
Norway,BYD,BEV+PHEV,2022,8,473,monthly_est,brand_reports,6.0,24.75,71.5,2.25,0.0,28000.0,4900.0,32900.0,2.2,473.0,296.0,,414.0,,3,2022-08-01,2022-08
Norway,BYD,BEV+PHEV,2022,9,473,monthly_est,brand_reports,5.5,0.0,63.75,1.75,0.0,28000.0,4900.0,32900.0,2.2,473.0,296.0,,473.0,,3,2022-09-01,2022-09
Norway,BYD,BEV+PHEV,2022,10,700,monthly_est,brand_reports,7.8,0.0,65.4,1.8,0.0,28000.0,4900.0,32900.0,2.05,473.0,473.0,,548.6666666666666,,4,2022-10-01,2022-10
Norway,BYD,BEV+PHEV,2022,11,700,monthly_est,brand_reports,6.75,17.0,64.5,1.5,0.0,28000.0,4900.0,32900.0,2.05,700.0,473.0,,624.3333333333334,,4,2022-11-01,2022-11
Norway,BYD,BEV+PHEV,2022,12,700,monthly_est,brand_reports,5.75,0.0,85.0,1.75,0.0,28000.0,4900.0,32900.0,2.05,700.0,473.0,,700.0,,4,2022-12-01,2022-12
Norway,BYD,BEV+PHEV,2023,1,1066,monthly_est,brand_reports,3.8,0.0,77.6,1.0,0.0,34000.0,6200.0,40200.0,1.9,700.0,700.0,40.0,822.0,25.65,1,2023-01-01,2023-01
Norway,BYD,BEV+PHEV,2023,2,1066,monthly_est,brand_reports,3.5,0.0,60.25,1.0,0.0,34000.0,6200.0,40200.0,1.9,1066.0,700.0,40.0,944.0,25.65,1,2023-02-01,2023-02
Norway,BYD,BEV+PHEV,2023,3,1066,monthly_est,brand_reports,2.75,0.0,60.5,1.0,0.0,34000.0,6200.0,40200.0,1.9,1066.0,700.0,40.0,1066.0,25.65,1,2023-03-01,2023-03
Norway,BYD,BEV+PHEV,2023,4,1933,monthly_est,brand_reports,3.0,0.0,56.0,1.0,0.0,34000.0,6200.0,40200.0,1.95,1066.0,1066.0,296.0,1355.0,5.5304,2,2023-04-01,2023-04
Norway,BYD,BEV+PHEV,2023,5,1933,monthly_est,brand_reports,3.0,0.0,50.75,1.0,25.0,34000.0,6200.0,40200.0,1.95,1933.0,1066.0,296.0,1644.0,5.5304,2,2023-05-01,2023-05
Norway,BYD,BEV+PHEV,2023,6,1933,monthly_est,brand_reports,2.75,0.0,54.5,1.25,0.0,34000.0,6200.0,40200.0,1.95,1933.0,1066.0,296.0,1933.0,5.5304,2,2023-06-01,2023-06
Norway,BYD,BEV+PHEV,2023,7,2400,monthly_est,brand_reports,3.2,17.8,63.2,1.4,0.0,34000.0,6200.0,40200.0,2.0,1933.0,1933.0,473.0,2088.6666666666665,4.074,3,2023-07-01,2023-07
Norway,BYD,BEV+PHEV,2023,8,2400,monthly_est,brand_reports,3.25,17.5,49.25,1.0,21.0,34000.0,6200.0,40200.0,2.0,2400.0,1933.0,473.0,2244.3333333333335,4.074,3,2023-08-01,2023-08
Norway,BYD,BEV+PHEV,2023,9,2400,monthly_est,brand_reports,3.5,0.0,48.0,1.25,0.0,34000.0,6200.0,40200.0,2.0,2400.0,1933.0,473.0,2400.0,4.074,3,2023-09-01,2023-09
Norway,BYD,BEV+PHEV,2023,10,3133,monthly_est,brand_reports,4.0,0.0,49.4,1.0,0.0,34000.0,6200.0,40200.0,1.88,2400.0,2400.0,700.0,2644.3333333333335,3.4757,4,2023-10-01,2023-10
Norway,BYD,BEV+PHEV,2023,11,3133,monthly_est,brand_reports,4.0,0.0,43.75,1.0,0.0,34000.0,6200.0,40200.0,1.88,3133.0,2400.0,700.0,2888.6666666666665,3.4757,4,2023-11-01,2023-11
Norway,BYD,BEV+PHEV,2023,12,3133,monthly_est,brand_reports,5.33,0.0,54.0,1.5,0.0,34000.0,6200.0,40200.0,1.88,3133.0,2400.0,700.0,3133.0,3.4757,4,2023-12-01,2023-12
USA,Tesla,BEV+PHEV,2020,1,15028,monthly_est,brand_reports,0.0,43.0,49.0,3.25,74.5,80000.0,20000.0,100000.0,0.58,,,,15028.0,,1,2020-01-01,2020-01
USA,Tesla,BEV+PHEV,2020,2,15028,monthly_est,brand_reports,0.0,42.0,63.5,3.25,83.75,80000.0,20000.0,100000.0,0.58,15028.0,,,15028.0,,1,2020-02-01,2020-02
USA,Tesla,BEV+PHEV,2020,3,15028,monthly_est,brand_reports,0.0,22.4,43.8,2.2,53.6,80000.0,20000.0,100000.0,0.58,15028.0,,,15028.0,,1,2020-03-01,2020-03
USA,Tesla,BEV+PHEV,2020,4,15028,monthly_est,brand_reports,0.0,18.25,34.5,2.0,48.75,80000.0,20000.0,100000.0,0.47,15028.0,15028.0,,15028.0,,2,2020-04-01,2020-04
USA,Tesla,BEV+PHEV,2020,5,15028,monthly_est,brand_reports,0.0,22.0,41.0,2.2,53.2,80000.0,20000.0,100000.0,0.47,15028.0,15028.0,,15028.0,,2,2020-05-01,2020-05
USA,Tesla,BEV+PHEV,2020,6,15028,monthly_est,brand_reports,0.0,34.5,50.75,3.0,68.5,80000.0,20000.0,100000.0,0.47,15028.0,15028.0,,15028.0,,2,2020-06-01,2020-06
USA,Tesla,BEV+PHEV,2020,7,15028,monthly_est,brand_reports,0.75,40.0,65.25,3.0,81.75,80000.0,20000.0,100000.0,0.56,15028.0,15028.0,,15028.0,,3,2020-07-01,2020-07
USA,Tesla,BEV+PHEV,2020,8,15028,monthly_est,brand_reports,0.0,35.6,70.6,3.0,74.6,80000.0,20000.0,100000.0,0.56,15028.0,15028.0,,15028.0,,3,2020-08-01,2020-08
USA,Tesla,BEV+PHEV,2020,9,15028,monthly_est,brand_reports,0.0,40.0,71.5,3.5,83.25,80000.0,20000.0,100000.0,0.56,15028.0,15028.0,,15028.0,,3,2020-09-01,2020-09
USA,Tesla,BEV+PHEV,2020,10,15028,monthly_est,brand_reports,0.0,43.5,55.25,3.5,78.75,80000.0,20000.0,100000.0,0.56,15028.0,15028.0,,15028.0,,4,2020-10-01,2020-10
USA,Tesla,BEV+PHEV,2020,11,15028,monthly_est,brand_reports,0.8,45.2,52.4,3.6,87.6,80000.0,20000.0,100000.0,0.56,15028.0,15028.0,,15028.0,,4,2020-11-01,2020-11
USA,Tesla,BEV+PHEV,2020,12,15028,monthly_est,brand_reports,0.0,41.2,64.6,4.0,72.0,80000.0,20000.0,100000.0,0.56,15028.0,15028.0,,15028.0,,4,2020-12-01,2020-12
USA,Tesla,BEV+PHEV,2021,1,60112,monthly_est,brand_reports,1.0,30.4,86.4,5.4,62.0,100000.0,26000.0,126000.0,0.64,15028.0,15028.0,15028.0,30056.0,3.0,1,2021-01-01,2021-01
USA,Tesla,BEV+PHEV,2021,2,60112,monthly_est,brand_reports,1.0,37.25,79.0,6.0,66.0,100000.0,26000.0,126000.0,0.64,60112.0,15028.0,15028.0,45084.0,3.0,1,2021-02-01,2021-02
USA,Tesla,BEV+PHEV,2021,3,60112,monthly_est,brand_reports,0.25,36.75,75.5,5.75,59.0,100000.0,26000.0,126000.0,0.64,60112.0,15028.0,15028.0,60112.0,3.0,1,2021-03-01,2021-03
USA,Tesla,BEV+PHEV,2021,4,67083,monthly_est,brand_reports,0.25,41.0,73.5,6.5,66.5,100000.0,26000.0,126000.0,0.79,60112.0,60112.0,15028.0,62435.666666666664,3.4639,2,2021-04-01,2021-04
USA,Tesla,BEV+PHEV,2021,5,67083,monthly_est,brand_reports,0.0,47.4,72.8,7.6,73.0,100000.0,26000.0,126000.0,0.79,67083.0,60112.0,15028.0,64759.333333333336,3.4639,2,2021-05-01,2021-05
USA,Tesla,BEV+PHEV,2021,6,67083,monthly_est,brand_reports,0.0,49.0,67.5,7.5,63.0,100000.0,26000.0,126000.0,0.79,67083.0,60112.0,15028.0,67083.0,3.4639,2,2021-06-01,2021-06
USA,Tesla,BEV+PHEV,2021,7,80433,monthly_est,brand_reports,0.0,45.75,63.25,6.75,59.25,100000.0,26000.0,126000.0,0.86,67083.0,67083.0,15028.0,71533.0,4.3522,3,2021-07-01,2021-07
USA,Tesla,BEV+PHEV,2021,8,80433,monthly_est,brand_reports,0.4,44.4,63.0,5.8,60.4,100000.0,26000.0,126000.0,0.86,80433.0,67083.0,15028.0,75983.0,4.3522,3,2021-08-01,2021-08
USA,Tesla,BEV+PHEV,2021,9,80433,monthly_est,brand_reports,0.25,39.25,60.25,6.25,64.5,100000.0,26000.0,126000.0,0.86,80433.0,67083.0,15028.0,80433.0,4.3522,3,2021-09-01,2021-09
USA,Tesla,BEV+PHEV,2021,10,102866,monthly_est,brand_reports,0.2,47.2,76.8,7.0,70.4,100000.0,26000.0,126000.0,0.92,80433.0,80433.0,15028.0,87910.66666666667,5.845,4,2021-10-01,2021-10
USA,Tesla,BEV+PHEV,2021,11,102866,monthly_est,brand_reports,0.25,60.25,77.25,8.75,86.25,100000.0,26000.0,126000.0,0.92,102866.0,80433.0,15028.0,95388.33333333333,5.845,4,2021-11-01,2021-11
USA,Tesla,BEV+PHEV,2021,12,102866,monthly_est,brand_reports,0.0,40.4,73.0,7.0,63.2,100000.0,26000.0,126000.0,0.92,102866.0,80433.0,15028.0,102866.0,5.845,4,2021-12-01,2021-12
USA,Tesla,BEV+PHEV,2022,1,99340,monthly_est,brand_reports,0.8,28.0,70.6,6.6,42.8,128000.0,32000.0,160000.0,1.01,102866.0,102866.0,60112.0,101690.66666666667,0.6526,1,2022-01-01,2022-01
USA,Tesla,BEV+PHEV,2022,2,99340,monthly_est,brand_reports,0.0,38.75,69.75,9.25,57.25,128000.0,32000.0,160000.0,1.01,99340.0,102866.0,60112.0,100515.33333333333,0.6526,1,2022-02-01,2022-02
USA,Tesla,BEV+PHEV,2022,3,99340,monthly_est,brand_reports,0.0,52.5,91.75,14.75,82.25,128000.0,32000.0,160000.0,1.01,99340.0,102866.0,60112.0,99340.0,0.6526,1,2022-03-01,2022-03
USA,Tesla,BEV+PHEV,2022,4,84898,monthly_est,brand_reports,0.0,42.5,84.5,10.5,62.25,128000.0,32000.0,160000.0,1.3,99340.0,99340.0,67083.0,94526.0,0.2656,2,2022-04-01,2022-04
USA,Tesla,BEV+PHEV,2022,5,84898,monthly_est,brand_reports,0.2,39.6,79.0,9.8,56.0,128000.0,32000.0,160000.0,1.3,84898.0,99340.0,67083.0,89712.0,0.2656,2,2022-05-01,2022-05
USA,Tesla,BEV+PHEV,2022,6,84898,monthly_est,brand_reports,0.75,52.25,80.75,11.75,65.25,128000.0,32000.0,160000.0,1.3,84898.0,99340.0,67083.0,84898.0,0.2656,2,2022-06-01,2022-06
USA,Tesla,BEV+PHEV,2022,7,114610,monthly_est,brand_reports,1.4,48.4,69.4,9.8,57.6,128000.0,32000.0,160000.0,1.2,84898.0,84898.0,80433.0,94802.0,0.4249,3,2022-07-01,2022-07
USA,Tesla,BEV+PHEV,2022,8,114610,monthly_est,brand_reports,0.75,48.0,71.25,10.25,69.75,128000.0,32000.0,160000.0,1.2,114610.0,84898.0,80433.0,104706.0,0.4249,3,2022-08-01,2022-08
USA,Tesla,BEV+PHEV,2022,9,114610,monthly_est,brand_reports,0.25,44.5,62.75,8.75,53.75,128000.0,32000.0,160000.0,1.2,114610.0,84898.0,80433.0,114610.0,0.4249,3,2022-09-01,2022-09
USA,Tesla,BEV+PHEV,2022,10,135092,monthly_est,brand_reports,0.4,39.6,61.2,7.6,50.4,128000.0,32000.0,160000.0,1.06,114610.0,114610.0,102866.0,121437.33333333333,0.3133,4,2022-10-01,2022-10
USA,Tesla,BEV+PHEV,2022,11,135092,monthly_est,brand_reports,0.0,37.25,60.25,6.75,45.25,128000.0,32000.0,160000.0,1.06,135092.0,114610.0,102866.0,128264.66666666667,0.3133,4,2022-11-01,2022-11
USA,Tesla,BEV+PHEV,2022,12,135092,monthly_est,brand_reports,0.25,40.75,74.25,7.0,46.25,128000.0,32000.0,160000.0,1.06,135092.0,114610.0,102866.0,135092.0,0.3133,4,2022-12-01,2022-12
USA,Tesla,BEV+PHEV,2023,1,140958,monthly_est,brand_reports,1.0,65.4,95.8,7.8,78.0,159000.0,42000.0,201000.0,0.95,135092.0,135092.0,99340.0,137047.33333333334,0.4189,1,2023-01-01,2023-01
USA,Tesla,BEV+PHEV,2023,2,140958,monthly_est,brand_reports,1.25,71.0,89.5,7.75,79.25,159000.0,42000.0,201000.0,0.95,140958.0,135092.0,99340.0,139002.66666666666,0.4189,1,2023-02-01,2023-02
USA,Tesla,BEV+PHEV,2023,3,140958,monthly_est,brand_reports,0.75,70.0,78.5,7.25,76.25,159000.0,42000.0,201000.0,0.95,140958.0,135092.0,99340.0,140958.0,0.4189,1,2023-03-01,2023-03
USA,Tesla,BEV+PHEV,2023,4,155380,monthly_est,brand_reports,1.0,75.4,81.0,8.0,80.6,159000.0,42000.0,201000.0,1.0,140958.0,140958.0,84898.0,145765.33333333334,0.8302,2,2023-04-01,2023-04
USA,Tesla,BEV+PHEV,2023,5,155380,monthly_est,brand_reports,1.0,75.25,77.25,7.5,66.25,159000.0,42000.0,201000.0,1.0,155380.0,140958.0,84898.0,150572.66666666666,0.8302,2,2023-05-01,2023-05
USA,Tesla,BEV+PHEV,2023,6,155380,monthly_est,brand_reports,1.0,87.0,88.5,7.25,69.25,159000.0,42000.0,201000.0,1.0,155380.0,140958.0,84898.0,155380.0,0.8302,2,2023-06-01,2023-06
USA,Tesla,BEV+PHEV,2023,7,166666,monthly_est,brand_reports,1.0,92.4,88.4,7.6,70.4,159000.0,42000.0,201000.0,1.07,155380.0,155380.0,114610.0,159142.0,0.4542,3,2023-07-01,2023-07
USA,Tesla,BEV+PHEV,2023,8,166666,monthly_est,brand_reports,0.75,90.0,80.75,7.0,73.5,159000.0,42000.0,201000.0,1.07,166666.0,155380.0,114610.0,162904.0,0.4542,3,2023-08-01,2023-08
USA,Tesla,BEV+PHEV,2023,9,166666,monthly_est,brand_reports,1.0,87.25,79.25,7.25,79.0,159000.0,42000.0,201000.0,1.07,166666.0,155380.0,114610.0,166666.0,0.4542,3,2023-09-01,2023-09
USA,Tesla,BEV+PHEV,2023,10,161502,monthly_est,brand_reports,1.0,85.4,76.8,7.0,76.0,159000.0,42000.0,201000.0,0.95,166666.0,166666.0,135092.0,164944.66666666666,0.1955,4,2023-10-01,2023-10
USA,Tesla,BEV+PHEV,2023,11,161502,monthly_est,brand_reports,1.0,81.0,73.75,7.0,71.5,159000.0,42000.0,201000.0,0.95,161502.0,166666.0,135092.0,163223.33333333334,0.1955,4,2023-11-01,2023-11
USA,Tesla,BEV+PHEV,2023,12,161502,monthly_est,brand_reports,2.17,77.0,77.17,6.83,68.67,159000.0,42000.0,201000.0,0.95,161502.0,166666.0,135092.0,161502.0,0.1955,4,2023-12-01,2023-12
United Kingdom,All,BEV+PHEV,2019,1,6269,monthly_est,IEA_Global_EV_Outlook_2024,0.5,42.5,24.25,11.0,68.75,18000.0,3200.0,21200.0,1.34,,,,6269.0,,1,2019-01-01,2019-01
United Kingdom,All,BEV+PHEV,2019,2,6269,monthly_est,IEA_Global_EV_Outlook_2024,0.25,43.5,29.25,12.0,68.25,18000.0,3200.0,21200.0,1.34,6269.0,,,6269.0,,1,2019-02-01,2019-02
United Kingdom,All,BEV+PHEV,2019,3,6269,monthly_est,IEA_Global_EV_Outlook_2024,0.6,49.2,33.6,11.4,73.0,18000.0,3200.0,21200.0,1.34,6269.0,,,6269.0,,1,2019-03-01,2019-03
United Kingdom,All,BEV+PHEV,2019,4,6269,monthly_est,IEA_Global_EV_Outlook_2024,0.0,46.25,33.75,12.75,71.75,18000.0,3200.0,21200.0,1.4,6269.0,6269.0,,6269.0,,2,2019-04-01,2019-04
United Kingdom,All,BEV+PHEV,2019,5,6269,monthly_est,IEA_Global_EV_Outlook_2024,0.25,48.75,33.75,12.5,64.75,18000.0,3200.0,21200.0,1.4,6269.0,6269.0,,6269.0,,2,2019-05-01,2019-05
United Kingdom,All,BEV+PHEV,2019,6,6269,monthly_est,IEA_Global_EV_Outlook_2024,0.0,58.2,38.4,14.4,84.0,18000.0,3200.0,21200.0,1.4,6269.0,6269.0,,6269.0,,2,2019-06-01,2019-06
United Kingdom,All,BEV+PHEV,2019,7,6269,monthly_est,IEA_Global_EV_Outlook_2024,0.0,61.0,36.75,16.25,81.0,18000.0,3200.0,21200.0,1.38,6269.0,6269.0,,6269.0,,3,2019-07-01,2019-07
United Kingdom,All,BEV+PHEV,2019,8,6269,monthly_est,IEA_Global_EV_Outlook_2024,0.25,59.25,34.5,13.75,74.75,18000.0,3200.0,21200.0,1.38,6269.0,6269.0,,6269.0,,3,2019-08-01,2019-08
United Kingdom,All,BEV+PHEV,2019,9,6269,monthly_est,IEA_Global_EV_Outlook_2024,0.4,65.2,38.4,13.8,78.4,18000.0,3200.0,21200.0,1.38,6269.0,6269.0,,6269.0,,3,2019-09-01,2019-09
United Kingdom,All,BEV+PHEV,2019,10,6269,monthly_est,IEA_Global_EV_Outlook_2024,0.0,70.25,37.25,16.25,85.0,18000.0,3200.0,21200.0,1.32,6269.0,6269.0,,6269.0,,4,2019-10-01,2019-10
United Kingdom,All,BEV+PHEV,2019,11,6269,monthly_est,IEA_Global_EV_Outlook_2024,0.0,70.5,68.25,14.5,86.5,18000.0,3200.0,21200.0,1.32,6269.0,6269.0,,6269.0,,4,2019-11-01,2019-11
United Kingdom,All,BEV+PHEV,2019,12,6269,monthly_est,IEA_Global_EV_Outlook_2024,0.0,59.0,45.17,15.5,71.17,18000.0,3200.0,21200.0,1.32,6269.0,6269.0,,6269.0,,4,2019-12-01,2019-12
United Kingdom,All,BEV+PHEV,2020,1,14590,monthly_est,IEA_Global_EV_Outlook_2024,0.0,68.0,58.0,18.0,74.25,22000.0,4100.0,26100.0,1.22,6269.0,6269.0,6269.0,9042.666666666666,1.3273,1,2020-01-01,2020-01
United Kingdom,All,BEV+PHEV,2020,2,14590,monthly_est,IEA_Global_EV_Outlook_2024,0.0,73.5,63.75,21.25,87.5,22000.0,4100.0,26100.0,1.22,14590.0,6269.0,6269.0,11816.333333333334,1.3273,1,2020-02-01,2020-02
United Kingdom,All,BEV+PHEV,2020,3,14590,monthly_est,IEA_Global_EV_Outlook_2024,0.0,43.8,41.8,11.6,57.0,22000.0,4100.0,26100.0,1.22,14590.0,6269.0,6269.0,14590.0,1.3273,1,2020-03-01,2020-03
United Kingdom,All,BEV+PHEV,2020,4,14590,monthly_est,IEA_Global_EV_Outlook_2024,0.0,19.75,36.5,8.75,36.75,22000.0,4100.0,26100.0,1.1,14590.0,14590.0,6269.0,14590.0,1.3273,2,2020-04-01,2020-04
United Kingdom,All,BEV+PHEV,2020,5,14590,monthly_est,IEA_Global_EV_Outlook_2024,0.0,31.4,40.0,11.6,49.6,22000.0,4100.0,26100.0,1.1,14590.0,14590.0,6269.0,14590.0,1.3273,2,2020-05-01,2020-05
United Kingdom,All,BEV+PHEV,2020,6,14590,monthly_est,IEA_Global_EV_Outlook_2024,0.0,44.25,47.25,15.0,59.75,22000.0,4100.0,26100.0,1.1,14590.0,14590.0,6269.0,14590.0,1.3273,2,2020-06-01,2020-06
United Kingdom,All,BEV+PHEV,2020,7,14590,monthly_est,IEA_Global_EV_Outlook_2024,0.25,61.75,64.5,15.75,65.25,22000.0,4100.0,26100.0,1.18,14590.0,14590.0,6269.0,14590.0,1.3273,3,2020-07-01,2020-07
United Kingdom,All,BEV+PHEV,2020,8,14590,monthly_est,IEA_Global_EV_Outlook_2024,0.0,61.2,67.0,17.6,61.4,22000.0,4100.0,26100.0,1.18,14590.0,14590.0,6269.0,14590.0,1.3273,3,2020-08-01,2020-08
United Kingdom,All,BEV+PHEV,2020,9,14590,monthly_est,IEA_Global_EV_Outlook_2024,0.25,73.25,78.75,17.0,68.5,22000.0,4100.0,26100.0,1.18,14590.0,14590.0,6269.0,14590.0,1.3273,3,2020-09-01,2020-09
United Kingdom,All,BEV+PHEV,2020,10,14590,monthly_est,IEA_Global_EV_Outlook_2024,0.0,65.5,55.5,16.25,67.25,22000.0,4100.0,26100.0,1.2,14590.0,14590.0,6269.0,14590.0,1.3273,4,2020-10-01,2020-10
United Kingdom,All,BEV+PHEV,2020,11,14590,monthly_est,IEA_Global_EV_Outlook_2024,1.0,70.4,53.6,19.6,80.8,22000.0,4100.0,26100.0,1.2,14590.0,14590.0,6269.0,14590.0,1.3273,4,2020-11-01,2020-11
United Kingdom,All,BEV+PHEV,2020,12,14590,monthly_est,IEA_Global_EV_Outlook_2024,0.0,56.0,61.6,18.0,52.8,22000.0,4100.0,26100.0,1.2,14590.0,14590.0,6269.0,14590.0,1.3273,4,2020-12-01,2020-12
United Kingdom,All,BEV+PHEV,2021,1,25422,monthly_est,IEA_Global_EV_Outlook_2024,1.0,35.0,83.0,18.6,43.4,28000.0,5400.0,33400.0,1.25,14590.0,14590.0,14590.0,18200.666666666668,0.7424,1,2021-01-01,2021-01
United Kingdom,All,BEV+PHEV,2021,2,25422,monthly_est,IEA_Global_EV_Outlook_2024,1.0,46.0,81.5,21.25,49.5,28000.0,5400.0,33400.0,1.25,25422.0,14590.0,14590.0,21811.333333333332,0.7424,1,2021-02-01,2021-02
United Kingdom,All,BEV+PHEV,2021,3,25422,monthly_est,IEA_Global_EV_Outlook_2024,0.75,47.25,76.0,21.0,45.0,28000.0,5400.0,33400.0,1.25,25422.0,14590.0,14590.0,25422.0,0.7424,1,2021-03-01,2021-03
United Kingdom,All,BEV+PHEV,2021,4,25422,monthly_est,IEA_Global_EV_Outlook_2024,1.0,54.75,70.0,22.75,47.5,28000.0,5400.0,33400.0,1.36,25422.0,25422.0,14590.0,25422.0,0.7424,2,2021-04-01,2021-04
United Kingdom,All,BEV+PHEV,2021,5,25422,monthly_est,IEA_Global_EV_Outlook_2024,0.8,64.2,66.4,23.4,48.0,28000.0,5400.0,33400.0,1.36,25422.0,25422.0,14590.0,25422.0,0.7424,2,2021-05-01,2021-05
United Kingdom,All,BEV+PHEV,2021,6,25422,monthly_est,IEA_Global_EV_Outlook_2024,1.0,68.25,59.5,23.75,48.75,28000.0,5400.0,33400.0,1.36,25422.0,25422.0,14590.0,25422.0,0.7424,2,2021-06-01,2021-06
United Kingdom,All,BEV+PHEV,2021,7,25422,monthly_est,IEA_Global_EV_Outlook_2024,0.5,70.25,55.25,25.75,46.75,28000.0,5400.0,33400.0,1.42,25422.0,25422.0,14590.0,25422.0,0.7424,3,2021-07-01,2021-07
United Kingdom,All,BEV+PHEV,2021,8,25422,monthly_est,IEA_Global_EV_Outlook_2024,0.6,78.6,58.6,27.2,47.2,28000.0,5400.0,33400.0,1.42,25422.0,25422.0,14590.0,25422.0,0.7424,3,2021-08-01,2021-08
United Kingdom,All,BEV+PHEV,2021,9,25422,monthly_est,IEA_Global_EV_Outlook_2024,0.25,86.75,57.25,33.25,55.25,28000.0,5400.0,33400.0,1.42,25422.0,25422.0,14590.0,25422.0,0.7424,3,2021-09-01,2021-09
United Kingdom,All,BEV+PHEV,2021,10,25422,monthly_est,IEA_Global_EV_Outlook_2024,1.0,91.4,76.8,37.4,61.8,28000.0,5400.0,33400.0,1.55,25422.0,25422.0,14590.0,25422.0,0.7424,4,2021-10-01,2021-10
United Kingdom,All,BEV+PHEV,2021,11,25422,monthly_est,IEA_Global_EV_Outlook_2024,1.0,91.75,76.25,30.5,63.75,28000.0,5400.0,33400.0,1.55,25422.0,25422.0,14590.0,25422.0,0.7424,4,2021-11-01,2021-11
United Kingdom,All,BEV+PHEV,2021,12,25422,monthly_est,IEA_Global_EV_Outlook_2024,0.8,75.6,66.8,25.2,44.4,28000.0,5400.0,33400.0,1.55,25422.0,25422.0,14590.0,25422.0,0.7424,4,2021-12-01,2021-12
United Kingdom,All,BEV+PHEV,2022,1,30960,monthly_est,IEA_Global_EV_Outlook_2024,1.0,79.2,80.4,32.2,49.4,37000.0,7800.0,44800.0,1.68,25422.0,25422.0,25422.0,27268.0,0.2178,1,2022-01-01,2022-01
United Kingdom,All,BEV+PHEV,2022,2,30960,monthly_est,IEA_Global_EV_Outlook_2024,1.0,81.75,71.0,31.25,53.5,37000.0,7800.0,44800.0,1.68,30960.0,25422.0,25422.0,29114.0,0.2178,1,2022-02-01,2022-02
United Kingdom,All,BEV+PHEV,2022,3,30960,monthly_est,IEA_Global_EV_Outlook_2024,1.0,97.5,86.25,46.25,60.75,37000.0,7800.0,44800.0,1.68,30960.0,25422.0,25422.0,30960.0,0.2178,1,2022-03-01,2022-03
United Kingdom,All,BEV+PHEV,2022,4,30960,monthly_est,IEA_Global_EV_Outlook_2024,1.0,83.5,86.25,38.75,51.25,37000.0,7800.0,44800.0,2.0,30960.0,30960.0,25422.0,30960.0,0.2178,2,2022-04-01,2022-04
United Kingdom,All,BEV+PHEV,2022,5,30960,monthly_est,IEA_Global_EV_Outlook_2024,1.0,75.0,78.4,30.6,46.2,37000.0,7800.0,44800.0,2.0,30960.0,30960.0,25422.0,30960.0,0.2178,2,2022-05-01,2022-05
United Kingdom,All,BEV+PHEV,2022,6,30960,monthly_est,IEA_Global_EV_Outlook_2024,1.0,92.5,72.5,45.0,53.0,37000.0,7800.0,44800.0,2.0,30960.0,30960.0,25422.0,30960.0,0.2178,2,2022-06-01,2022-06
United Kingdom,All,BEV+PHEV,2022,7,30960,monthly_est,IEA_Global_EV_Outlook_2024,1.4,91.0,65.8,33.2,45.2,37000.0,7800.0,44800.0,1.95,30960.0,30960.0,25422.0,30960.0,0.2178,3,2022-07-01,2022-07
United Kingdom,All,BEV+PHEV,2022,8,30960,monthly_est,IEA_Global_EV_Outlook_2024,1.0,86.5,67.5,30.25,45.5,37000.0,7800.0,44800.0,1.95,30960.0,30960.0,25422.0,30960.0,0.2178,3,2022-08-01,2022-08
United Kingdom,All,BEV+PHEV,2022,9,30960,monthly_est,IEA_Global_EV_Outlook_2024,1.0,78.75,61.25,27.75,43.5,37000.0,7800.0,44800.0,1.95,30960.0,30960.0,25422.0,30960.0,0.2178,3,2022-09-01,2022-09
United Kingdom,All,BEV+PHEV,2022,10,30960,monthly_est,IEA_Global_EV_Outlook_2024,1.0,82.4,62.4,25.6,43.8,37000.0,7800.0,44800.0,1.82,30960.0,30960.0,25422.0,30960.0,0.2178,4,2022-10-01,2022-10
United Kingdom,All,BEV+PHEV,2022,11,30960,monthly_est,IEA_Global_EV_Outlook_2024,1.25,77.5,60.75,25.25,48.5,37000.0,7800.0,44800.0,1.82,30960.0,30960.0,25422.0,30960.0,0.2178,4,2022-11-01,2022-11
United Kingdom,All,BEV+PHEV,2022,12,30960,monthly_est,IEA_Global_EV_Outlook_2024,1.0,83.75,77.25,24.25,37.0,37000.0,7800.0,44800.0,1.82,30960.0,30960.0,25422.0,30960.0,0.2178,4,2022-12-01,2022-12
United Kingdom,All,BEV+PHEV,2023,1,40000,monthly_est,IEA_Global_EV_Outlook_2024,1.8,77.0,96.8,30.2,39.8,50000.0,11000.0,61000.0,1.72,30960.0,30960.0,30960.0,33973.333333333336,0.292,1,2023-01-01,2023-01
United Kingdom,All,BEV+PHEV,2023,2,40000,monthly_est,IEA_Global_EV_Outlook_2024,2.0,74.25,82.75,28.25,39.5,50000.0,11000.0,61000.0,1.72,40000.0,30960.0,30960.0,36986.666666666664,0.292,1,2023-02-01,2023-02
United Kingdom,All,BEV+PHEV,2023,3,40000,monthly_est,IEA_Global_EV_Outlook_2024,2.75,85.5,80.0,27.25,40.75,50000.0,11000.0,61000.0,1.72,40000.0,30960.0,30960.0,40000.0,0.292,1,2023-03-01,2023-03
United Kingdom,All,BEV+PHEV,2023,4,40000,monthly_est,IEA_Global_EV_Outlook_2024,3.4,84.0,75.6,27.8,37.2,50000.0,11000.0,61000.0,1.75,40000.0,40000.0,30960.0,40000.0,0.292,2,2023-04-01,2023-04
United Kingdom,All,BEV+PHEV,2023,5,40000,monthly_est,IEA_Global_EV_Outlook_2024,2.5,80.75,73.75,27.0,39.25,50000.0,11000.0,61000.0,1.75,40000.0,40000.0,30960.0,40000.0,0.292,2,2023-05-01,2023-05
United Kingdom,All,BEV+PHEV,2023,6,40000,monthly_est,IEA_Global_EV_Outlook_2024,2.5,82.0,77.5,28.0,36.75,50000.0,11000.0,61000.0,1.75,40000.0,40000.0,30960.0,40000.0,0.292,2,2023-06-01,2023-06
United Kingdom,All,BEV+PHEV,2023,7,40000,monthly_est,IEA_Global_EV_Outlook_2024,2.6,91.6,80.4,30.4,39.4,50000.0,11000.0,61000.0,1.8,40000.0,40000.0,30960.0,40000.0,0.292,3,2023-07-01,2023-07
United Kingdom,All,BEV+PHEV,2023,8,40000,monthly_est,IEA_Global_EV_Outlook_2024,3.25,86.75,71.25,28.25,36.0,50000.0,11000.0,61000.0,1.8,40000.0,40000.0,30960.0,40000.0,0.292,3,2023-08-01,2023-08
United Kingdom,All,BEV+PHEV,2023,9,40000,monthly_est,IEA_Global_EV_Outlook_2024,6.5,95.0,73.0,30.0,44.0,50000.0,11000.0,61000.0,1.8,40000.0,40000.0,30960.0,40000.0,0.292,3,2023-09-01,2023-09
United Kingdom,All,BEV+PHEV,2023,10,40000,monthly_est,IEA_Global_EV_Outlook_2024,4.6,91.0,68.8,30.2,45.4,50000.0,11000.0,61000.0,1.68,40000.0,40000.0,30960.0,40000.0,0.292,4,2023-10-01,2023-10
United Kingdom,All,BEV+PHEV,2023,11,40000,monthly_est,IEA_Global_EV_Outlook_2024,4.5,86.5,70.75,26.5,40.5,50000.0,11000.0,61000.0,1.68,40000.0,40000.0,30960.0,40000.0,0.292,4,2023-11-01,2023-11
United Kingdom,All,BEV+PHEV,2023,12,40000,monthly_est,IEA_Global_EV_Outlook_2024,17.33,81.0,71.0,26.33,37.67,50000.0,11000.0,61000.0,1.68,40000.0,40000.0,30960.0,40000.0,0.292,4,2023-12-01,2023-12
